id,name,price,name_hash,price_hash
0,Банка-дозатор 120 мл,100.0,e6ac9b9ecb59fe82742f7639a447f4ed,62dca49f0781bf26b4305bddb0414bea
1,Банка-спрей 120 мл,100.0,f475893c6657f3275f23ccc43ccc991f,62dca49f0781bf26b4305bddb0414bea
2,Контейнер для крема 15мл 2шт.,80.0,af50bb5f87e5fe09f9fed232907ebc87,8ee5d21b272d43a875504f3e5845e141
3,Косметический флакон 100мл MG-7262,150.0,f94de80d9ec73af3381784221acfec30,e77f848ebbae19a99eee74e4d5246ce5
4,Косметический флакон 30мл MG-7260,50.0,60e47e47991ac66fbf35c0eef7350fdc,88bce6f1bd04b8521f1167b5a6dec118
5,Мерная ложка 3 шт.,30.0,a77da1ebea49f606131eeb94f756d5ad,5ba1de412e01037f8843d097dcfaf28a
6,"Мерная чаша с ложкой, 5-25 мл",50.0,a6cec3a6a6d909eb8b99355038090f63,88bce6f1bd04b8521f1167b5a6dec118
7,яяяБанка-дозатор 50 мл,50.0,0abf0bf91c339605a3d2f52a1bb286b3,88bce6f1bd04b8521f1167b5a6dec118
8,яяяКонтейнер для крема 30мл 2шт.,100.0,18c002a7c52087993669286f578a9bea,62dca49f0781bf26b4305bddb0414bea
9,Кисть + ложка,200.0,4ea92a2e12d947595403e997079618d2,bcddc23e127b38859d98f371d3817273
10,Кисть №14 деревянная ручка (15 см),100.0,fd6e654fdb01f1ab0d636ce665559d8a,62dca49f0781bf26b4305bddb0414bea
11,Кисть №400 пластик большая,100.0,0df764fd8fd73b3beea30b0852d3ee21,62dca49f0781bf26b4305bddb0414bea
12,Кисть для масок №17,100.0,48df2369f72cbbcb6bddc4c911a65129,62dca49f0781bf26b4305bddb0414bea
13,Кисть для масок прозрачная ручка (15см),100.0,01eb2051e970b3ae1b8d643606c995f9,62dca49f0781bf26b4305bddb0414bea
14,Кисть для пилинга веерная прозрачная ручка  (18 см),220.0,8673834e65e57b9dffd251775786f8aa,2d22f62e9e38119403851fbf17cb26b1
15,Кисть для пилинга веерная Цветной ворс ч/р №811,120.0,b7b61d6d394b7054a0dc4f3d325120d9,e7878d629de5cac1cabb3ab4b8fd9a42
16,Кисть для пилинга малая (18 см),170.0,7bfc0d46c02fcf3860a9124bd2cc6056,a0c4b1cdc3496504a5c6bd1d70a8c092
17,Кисть прозрачная ручка,220.0,a72ca6acb6b5bf463b2220575e5379bd,2d22f62e9e38119403851fbf17cb26b1
18,яяяКисти набор*НЕ ДЛЯ ПРОДАЖИ,0.0,8350f687f699611636292869f23f33b7,30565a8911a6bb487e3745c0ea3c8224
19,яяяКисть для пилинга веерная (15 см),120.0,028198ccb0cf2773d9926d05122b6be6,e7878d629de5cac1cabb3ab4b8fd9a42
20,Маска Марлевая одноразовая с воротом (100 шт),800.0,bc72715835d092ca6c9b75e1a7d785bb,9265bef4e6120ca390b3943df5d7879a
21,Маска Таблетированная 10 шт (Белая ),110.0,d08dbe00dfdfe7b0f899ab9539ad37d0,169f2181865a3d628f2d0b1e083d4a3a
22,Маска Таблетированная 50 шт (Белая ),300.0,5104172aa2c41bc95dcc837e02c27e68,154885749893f45ca4a0c26389428ced
23,"Миска для умывания белая №728, 24см",150.0,c6ed0ea1b3b9073d474e1924983de20f,e77f848ebbae19a99eee74e4d5246ce5
24,"Миска для умывания голубая №728, 24см",150.0,b41ef9fe1d084704f74ab982b584c855,e77f848ebbae19a99eee74e4d5246ce5
25,Миска для умывания прозрачная 1л №623,150.0,48d2b9d7954bad41bc8ab78fc973e3d8,e77f848ebbae19a99eee74e4d5246ce5
26,Миска для умывания прозрачная коричневая №823,300.0,ce236fbf08171cebae9884816a79dee4,154885749893f45ca4a0c26389428ced
27,Миска пластиковая (хрусталь) большая цветная 8см,170.0,554fd08acd01d6de57dc9473fd783478,a0c4b1cdc3496504a5c6bd1d70a8c092
28,Миска пластиковая №1 зелёная,80.0,184ff11c162acb3d349108748be79e3b,8ee5d21b272d43a875504f3e5845e141
29,Миска пластиковая №3 9см,100.0,424604e133bd24f444f913588f53dacc,62dca49f0781bf26b4305bddb0414bea
30,Миска пластиковая №5 12см,120.0,dcf7b02a9dba3abe89daa8e572275311,e7878d629de5cac1cabb3ab4b8fd9a42
31,"Миска пластиковая белая с ручкой 8,5 см",120.0,88051f12a2ae32d73ed6061e32e1d303,e7878d629de5cac1cabb3ab4b8fd9a42
32,Миска пластиковая для масок №803 10см,80.0,be777be2b36c98d5499ef86d69bed63d,8ee5d21b272d43a875504f3e5845e141
33,"Миска пластиковая желтая с ручкой 8,5 см",120.0,8bf2f399c8696e62a22c5d3a548cb78e,e7878d629de5cac1cabb3ab4b8fd9a42
34,Миска пластиковая синяя 8 см,80.0,294111e36cb44c3f1c61b0425717cea8,8ee5d21b272d43a875504f3e5845e141
35,Миска под альгинатные маски 500 мл в ассортименте,200.0,389881e7945f00d0e2a066ec789d8d5c,bcddc23e127b38859d98f371d3817273
36,Миска под альгинатные маски L 13 см,170.0,4982ebadfaab02aa184a2cd7a6339a4b,a0c4b1cdc3496504a5c6bd1d70a8c092
37,Миска под альгинатные маски с цветком 300 мл в ассортименте,150.0,02c6e64f8545bc9c0aa08f4547299c30,e77f848ebbae19a99eee74e4d5246ce5
38,"Миска стеклянная №3 12,5 см",170.0,04b0e7f748d9d458a25ad2577202019a,a0c4b1cdc3496504a5c6bd1d70a8c092
39,Набор MG-7270 Бирюзовый (Миска+шпатель+прес.маски),250.0,d6f28b0daf39e978c4c2bc6ffd87ca14,8c8fa24c990eb4258cc69639bd3ae6e4
40,"Набор MG-7271 Розовый (Миска 8,5см+шпатель+мерные ложки+прес.маски)",250.0,8112fb9c1c6cff01b64fdbb1f447df81,8c8fa24c990eb4258cc69639bd3ae6e4
41,Набор MG-8070 Розовый (Миска 10см+шпатель+мерные ложки+прес.маски),250.0,7823c537edf2330cb4bd18ca0f3766aa,8c8fa24c990eb4258cc69639bd3ae6e4
42,яяяМиска пластиковая (хрусталь) малая прозрачная 6см,120.0,82e78f209c7649840bf0feb9b92284cd,e7878d629de5cac1cabb3ab4b8fd9a42
43,яяяМиска под альгинатные маски 300 мл,170.0,582b8099ba5f22bc09020db7894dafc6,a0c4b1cdc3496504a5c6bd1d70a8c092
44,яяяНабор 4 в 1 малый розовый,250.0,7f08aea48077061bed43b5a4caa8115b,8c8fa24c990eb4258cc69639bd3ae6e4
45,Ножницы MR-7751,100.0,cf019a739a48c15a51f2516b57508295,62dca49f0781bf26b4305bddb0414bea
46,Ножницы MR-7754,100.0,828a54efd016a563e54da43e2cf01f8c,62dca49f0781bf26b4305bddb0414bea
47,Ножницы К-017,100.0,9506bd35ee4b9e5683a676df5af20e98,62dca49f0781bf26b4305bddb0414bea
48,Ножницы косметические А-12,100.0,cdec46e045774f99cf586e139b041532,62dca49f0781bf26b4305bddb0414bea
49,Ножницы косметические А-4,100.0,109cf438ad60e053df88592dae6fc616,62dca49f0781bf26b4305bddb0414bea
50,Ножницы косметологические выгнутые 1364 MERTZ,290.0,bff15c82415c142b550b65fdebdb6c8d,86fd5e60524e206ca0afcb3d074e11a4
51,Ножницы косметологические прямые 1321MP MERTZ,260.0,9169f60f18bf6cb54f8f27db099c4154,a2eb52bb7370640fb494ac5edd80356a
52,Ножницы косметологические прямые 1365 MERTZ,230.0,d44e0be55f7a7cbdcbc06026e4a14d5e,49afb719e0cd46f74578ebf335290f81
53,яяяНожницы косметические А-3,100.0,93e0a91f7a8e1c19e04f686dfab885d2,62dca49f0781bf26b4305bddb0414bea
54,Зеркало двустороннее,320.0,522c177f32e7ee80f5efc99c96a90a30,4a29657a3b3dff12cde60ae7f8260228
55,Зеркало на ручке белое диаметр 12 см,320.0,f9df96b3f1f63c1c70aed104ba5fbe28,4a29657a3b3dff12cde60ae7f8260228
56,Зеркало на ручке металлическое квадрат 13 см,420.0,e39d63dedaacf33a1a6725e2a4a786f5,c635b0f78c82dc9b16830e502b1fb21d
57,Зеркало на ручке металлическое круг 12 см,420.0,1f4d97f5147fd11c5c1e313b5deaab49,c635b0f78c82dc9b16830e502b1fb21d
58,Зеркало на ручке розовое диаметр 12 см,320.0,890b35b278103565177559e38d6c700c,4a29657a3b3dff12cde60ae7f8260228
59,Органайзер акриловый Niko,330.0,7a680dcbae6e27a7b8e7ccd0f1176581,f426b0827b0d03dca0d3540ccb4cab62
60,яяяЗеркало двустороннее,320.0,457066d3c3b9bc3e41360183a112498d,4a29657a3b3dff12cde60ae7f8260228
61,яяяОрганайзер акриловый Elen (12 квадратных ячеек),500.0,426c6e2caf496bff32e4bc34d1a45020,02541b7cbb840b5f6bd8eff3c9f56f61
62,"яяяОрганайзер акриловый для пигментов, лаков, губных помад",500.0,84e9e954f6307e3220e9284e0edfc00c,02541b7cbb840b5f6bd8eff3c9f56f61
63,"Игла Видаля PC-177 Metzger, (копье тонкое, изогнутое)",390.0,ff878d4cd32ceda24378e3a94aeefb34,5d4706d92136dd4c52901b0e2c492546
64,Ложка Уно PC-176 (1/17) 17 отверстий Metzger,460.0,30534ee54942004eab1bb646396885f3,028ba9ab389e5499bd04454f298c0a8c
65,Ложка Уно РС-176 (1/13) 13 отверстий Metzger,460.0,5a3f9bec283202b254daf2c8e7fb1a00,028ba9ab389e5499bd04454f298c0a8c
66,Петля 4 шт+ пинцет,500.0,64deb83e4aa9bac1b60d483a411a08ab,02541b7cbb840b5f6bd8eff3c9f56f61
67,Петля косметолога К-225  (петля+копье),150.0,e39b4d2b2e020c63f2defab1bc39e56f,e77f848ebbae19a99eee74e4d5246ce5
68,Петля косметологическая (игла видаля + петля) 283 MERTZ,150.0,3c9b13925412403ee40c912c72d76d05,e77f848ebbae19a99eee74e4d5246ce5
69,Петля косметологическая (копье + уно) 287 MERTZ,280.0,75b7dfc201eb0e3d048b30e1a63f8302,78ff9288974624d0de8f5c0bfef555ad
70,Петля косметологическая (петля двусторонняя) 285 MERTZ,210.0,ea5f8c93d5b577730e1ddcf29958c314,bb1196db95c60b1180fcb2d24c8970eb
71,Петля косметологическая (петля+ уно) 269-2 MERTZ,320.0,a73caa4a429c5edd28c296f615d0efdf,4a29657a3b3dff12cde60ae7f8260228
72,Петля косметологическая PC-888 Metzger (двухсторонняя),330.0,30786e6bcce9e7f17f91325ede8638cc,f426b0827b0d03dca0d3540ccb4cab62
73,"Петля косметологическая РС-150 (2) Metzger (петля тонкая, двухсторонняя)",420.0,23dc4b816eb7a0e07f7a03bea95a4cf3,c635b0f78c82dc9b16830e502b1fb21d
74,"Петля косметологическая РС-150(3) Metzger (петля тонкая, односторонняя)",420.0,4257a7c0aac5ec12429bdfb020265627,c635b0f78c82dc9b16830e502b1fb21d
75,Петля косметологическая РС-890 Metzger (петля двухстороняя),470.0,b1e39c8995f5ceb6682ea28635290b46,86e6ff10da23146ffee40df8496c8f86
76,Петля набор 4 шт,450.0,21164dc89ed86e2976f0a58d023c5ca4,1fe1fe129fd29dbb254dc06485a3a308
77,Набор пинцетов 3 шт в чехле,300.0,e54422b3be1c48b7a36ff600cd8bbc8b,154885749893f45ca4a0c26389428ced
78,"Пинцет косметический PT-360-D/R скошенный (красный),  Metzger",380.0,7652c9794c75a26eeb5660cae338a443,66f35237fe680ac802f2eea8db13c6e8
79,"Пинцет косметический PT-363(2)-D скошенный, Metzger",250.0,1e4a06223232373e14ec49c6c68606a9,8c8fa24c990eb4258cc69639bd3ae6e4
80,"Пинцет косметический PT-369-D скошенный,  Metzger",220.0,07a925915eeff9fdaf45d275da3857f3,2d22f62e9e38119403851fbf17cb26b1
81,Пинцет косметический диагональный 249 MERTZ,130.0,35db5ac5914c28f661de8c0bd672f1b5,37186364d9b3dcf8bb02ae0cb7fd30f9
82,Пинцет косметологический PT-379-D (прямой) Metzger,190.0,77d6044ce86dca7ca1bc3fc6690775ec,130e210cc9587fdfd9f2aad3c1139058
83,яяяПинцет косметический TW- 036,120.0,093b5d570e83d3b1cbc0c0a47b24515b,e7878d629de5cac1cabb3ab4b8fd9a42
84,Спонж 4 шт,400.0,27dd9468873d6809c7515d48c1d650e2,a47012805836ae3e4093b0baf086b6bb
85,Спонж натуральная целлюлоза 20 шт круглые черные,300.0,bd3ca219320c6e7d19cd973a87c06cc4,154885749893f45ca4a0c26389428ced
86,Спонжи искусственные прессованные 12 шт,250.0,79ee2249216b492202f1616f3eab0893,8c8fa24c990eb4258cc69639bd3ae6e4
87,Щеточка для умывания + шпатель пудра,250.0,ae4bad053640ad5aed82efba7c839a51,8c8fa24c990eb4258cc69639bd3ae6e4
88,яяяСпонж натуральная целлюлоза 10 шт (Квадратные),250.0,9d8664bb0d0c858b279807513b17d409,8c8fa24c990eb4258cc69639bd3ae6e4
89,яяяСпонж натуральная целлюлоза 10 шт (Овальные),250.0,4972c9c37cc43a27b08df5218b897cb0,8c8fa24c990eb4258cc69639bd3ae6e4
90,яяяСпонж натуральный целлюлоза прямоугольные 10 шт,140.0,02f71d0c2625ff40be943539f9b56250,ac9b657f0751dd78c0711f2154b0a531
91,"Тейпы BBTape  ICE/Silk (5см*5м) голубой, BBalance - (Южная Корея)",860.0,e0e878ac59f23bc3fbf59efb4e05e491,09f8af12aab08a04e0d4ad483dc226d5
92,"Тейпы BBTape (5см*5м) котята розовые, BBalance - (Южная Корея)",790.0,cecf1140f94fdd70cd33e748ec78fb04,5671b23d28c72a47ca94d40c2f13822a
93,"Тейпы BBTape (5см*5м) розовый, BBalance - (Южная Корея)",650.0,b0d073ea6e6a0d233ba3c741d5bf10b2,dfe3e0570fc8ef2513c04247034e6c23
94,"Тейпы BBTape (5см*5м) черный, BBalance - (Южная Корея)",650.0,e16e18dc58319317ffd9ab9458c682c6,dfe3e0570fc8ef2513c04247034e6c23
95,"Тейпы BBTape ICE/Silk (5см*5м) бежевый, BBalance - (Южная Корея)",860.0,83e98e010106da52b870d9039cced5b7,09f8af12aab08a04e0d4ad483dc226d5
96,"Тейпы BBTape Silk (5см*5м) розовый, BBalance - (Южная Корея)",860.0,345c654ae5899bbfd763904db8effad3,09f8af12aab08a04e0d4ad483dc226d5
97,"Тейпы для детей BBTape SMILE (5см*5м) бежевый, BBalance - (Южная Корея)",650.0,24e9e494f0ae87cc6338b03c3a13314e,dfe3e0570fc8ef2513c04247034e6c23
98,"Тейпы для лица BB Face Lymph Tape (5см*5 м) бежевый, BBalance - (Южная Корея)",790.0,8acd687553a87c2540fa60b553e80436,5671b23d28c72a47ca94d40c2f13822a
99,"Тейпы для лица BB Face Tape (5см*5 м) лаванда, BBalance - (Южная Корея)",650.0,381450429615ba7a23800cc74b073e26,dfe3e0570fc8ef2513c04247034e6c23
100,"Тейпы для лица BB Face Tape (5см*5м) розовый, BBalance - (Южная Корея)",660.0,c5ed4e2a5bdd27b7718581c1995b93c6,f522d4240df49738a1e6d14e7a78700d
101,"Тейпы для лица BB Face Tape Silk (2,5см*5м) голубой (2шт), BBalance - (Южная Корея)",860.0,92f716a4d3e5dd113d3f73e698208a3d,09f8af12aab08a04e0d4ad483dc226d5
102,"Тейпы для лица BB SUPER SOFT (2,5 см*5 м) хлопок бежевый, BBalance - (Южная Корея)",690.0,d305a7eababa4e762f60067dd6d6c8a7,9c0ec2723783f49e09349b370448b85e
103,"Тейпы для лица BB SUPER SOFT (2,5 см*5 м) хлопок мята, BBalance - (Южная Корея)",690.0,4548eea5d7add03fcb147c77c30b66e9,9c0ec2723783f49e09349b370448b85e
104,"Тейпы для лица BB SUPER SOFT (5 см*5 м) хлопок лаванда, BBalance - (Южная Корея)",690.0,6ffed888854d7928c8908c793fd23f5e,9c0ec2723783f49e09349b370448b85e
105,"Тейпы для лица BB SUPER SOFT (5 см*5 м) хлопок мята, BBalance - (Южная Корея)",690.0,95a0dacc58040ddd2759cbea79d5642f,9c0ec2723783f49e09349b370448b85e
106,"Тейпы Кросс для лица CROSS TAPE BEAUTY 2,1х2,7 см (размер А) бежевый - (Южная Корея)",850.0,5c030e2b0dfb4967dc3fd051f9d73822,95725e467b8e1360c5230ceafb77ec32
107,"Тейпы Кросс для лица CROSS TAPE BEAUTY 4,9х5,2 см (размер C) бежевый - (Южная Корея)",850.0,398d8645a428c456451a9bb42a10dffc,95725e467b8e1360c5230ceafb77ec32
108,"Тейпы Кросс для тела CROSS TAPE 2,8х3,6 см (размер В) бежевый - (Южная Корея)",790.0,ed78d552bb640642a8dcae37d6534372,5671b23d28c72a47ca94d40c2f13822a
109,Тейпы Кросс для тела CROSS TAPE РАСК НАБОР черный - (Южная Корея),790.0,d3da19dd5a735fe81ddf84811a65821e,5671b23d28c72a47ca94d40c2f13822a
110,"яяяТейпы BBTape (5см*5м) голубой, BBalance - (Южная Корея)",650.0,b0abeea683d262fbc24094d6c3185771,dfe3e0570fc8ef2513c04247034e6c23
111,"яяяТейпы BBTape (5см*5м) тигр, BBalance - (Южная Корея)",790.0,c96293e76bee5c3dd2fe7bf9a224e91b,5671b23d28c72a47ca94d40c2f13822a
112,"яяяТейпы для лица BB Face Lymph Tape (5см*5 м) розовый, BBalance - (Южная Корея)",790.0,0634f75a5fcbecad9cafc97de652e6e5,5671b23d28c72a47ca94d40c2f13822a
113,"яяяТейпы для лица BB Face Tape (2,5см*5 м) леопард (2шт), BBalance - (Южная Корея)",790.0,dc9e34cd0fa401ca36b88f4e77206419,5671b23d28c72a47ca94d40c2f13822a
114,"яяяТейпы для лица BB Face Tape (2,5см*5м) лайм (2шт), BBalance - (Южная Корея)",650.0,8220133c7194b0dfb53492ace86d2d88,dfe3e0570fc8ef2513c04247034e6c23
115,"яяяТейпы для лица BB Face Tape (5см*5 м) леопард, BBalance - (Южная Корея)",650.0,8283267d669dc8e327b127cea8336228,dfe3e0570fc8ef2513c04247034e6c23
116,"яяяТейпы для лица BB Face Tape (5см*5м) бежевые, BBalance - (Южная Корея)",650.0,e2c88dda1da04c349d1f0c01b2366de9,dfe3e0570fc8ef2513c04247034e6c23
117,"яяяТейпы для лица BB Face Tape (5см*5м) лайм, BBalance - (Южная Корея)",650.0,0f043c73c19044b688ef6eda8a3d4745,dfe3e0570fc8ef2513c04247034e6c23
118,"Шпатель для масок малый 12,5см",60.0,1d9de781591ef48790280eaa71084715,56cc33282f4f810d3a644bc652263a7f
119,Шпатель для масок средний 15см №600,80.0,c831002462c3376584e2807c499b9d64,8ee5d21b272d43a875504f3e5845e141
120,Шпатель силиконовый MS-8575,100.0,1bbcf68017fcff9c78830d5d7b7ffef0,62dca49f0781bf26b4305bddb0414bea
121,Карандаш для разметки с точилкой белый косметический,105.0,f1447dc16f3a3992eab5fa8a440c806e,82b080f60e871ce7ea4680f9ab361930
122,Поднос косметологический 200х290 мм,500.0,c63244dd68cea5fac7e096b1c310d24e,02541b7cbb840b5f6bd8eff3c9f56f61
123,Гель анестезирующий Light Frost 150 мл (Россия),2750.0,f475cf9690d5caa26df7e37e1f612693,affc3678ecb1f932bf7208f426b6aec6
124,"Крем анестезирующий Анеста-А 2,5% +2,5% 100г (Индия)",2590.0,dc712fae4b929f7231892d3b9dd48537,5c915b76021a65fe94aae7dff3ef6258
125,Мазь анестезирующая Eye anestetic cream 30 гр,1000.0,ace70ba5f1cfc3d1f7ec1fecda4e6c79,1434f81012ce9c2aba692d5177889ef4
126,Мазь анестезирующая TAG#45 30 гр (вторичка),950.0,c025ecd7327db57d292e974df3ad5406,5e732df7f75f9794d3b775bcd92b6728
127,Мазь анестезирующая Татуист TATTOOIST 30 гр*АКЦИЯ,900.0,078728a8d1481e86bc9a40bff223aed1,01eafb9e0edd6be35a90d11531433215
128,"Гель проводящий регенерирующий с успокаивающим эффектом заряд + 700 мл, Beauty Stayle",1480.0,301bbc6e32b3ba604e54dff2bbbaadfb,820cf9233fdab8f4efbbcda9735c66b0
129,"Гель Контур проводящий для аппаратных процедур, 500 мл Green Matrix (Россия)",3570.0,1faf745d0ce59fb6b01b7b4541ba47d4,88c6855a504e975e0d9feb0ed6743944
130,Гель контактный Contact Gel Vitamin C с витамином С 200 мл (KODERMIX Prof Россия),1050.0,e81c0edb66dbc54c004b8e8c6ed008ce,217746e2bb6e0c01bdf9b8c10aa32655
131,"Гель контактный с ресвератролом UPGRADE 200 мл (Laboratory Cytolife, Россия)",1110.0,3b3c743b0fee07d6d7ae1f1d61150282,5301e39cb1fa4cf4f4f3f5e7105ca2c4
132,"Сыворотка стерильная HYALURON ULTRA+, 50 мл (Laboratory Cytolife, Россия)",2870.0,52956fae6dd21f8f652f43941bb7fa2b,5ed9947b7ebdb2c315f58c285e771ace
133,"Сыворотка стерильная SERUM TRIPEPTIDE AC, 50 мл (Laboratory Cytolife, Россия)",4890.0,8ad726602f8440dd5c5928513bd6b952,ede565491904f3c40a5be1d74e9d44fe
134,"Гель ALGO TONUS с тремя типами водорослей, 500 мл MESOMATRIX (Россия)",1720.0,b902f202f5771b93384b9cb2fcd9bd64,0d9c9cc48e6ba15024ee9b370230a20e
135,"Гель HYAL ULTRA с высоко и низкомолекулярной ГК, 250 мл MESOMATRIX (Россия)",1690.0,b6b30ea3b48e535a79110858f04fcc18,04a2788eb68baf99fdc0e698eda2ec57
136,"Гель LIPO SLIM MACHINE GEL аппаратный с гуараной, L-карнитином, 500 мл MESOMATRIX (Россия)",2600.0,efeec3bc48ad8649a936ba115cf01107,13f9e13fd3fa7c4b7c4a6934e4945d3a
137,"Гель контакный SEBO ULTRA себорегулирующий, 250 мл MESOMATRIX (Россия)",1690.0,77448621dc954c55d67d50c89bce96b9,04a2788eb68baf99fdc0e698eda2ec57
138,"Гель контактный CAPILLAR PROTECT антикуперозный, 250 мл MESOMATRIX (Россия)",1690.0,26ddc18dc627c2309576f843f51e9f7e,04a2788eb68baf99fdc0e698eda2ec57
139,"Гель контактный CONTACT ULTRA, 500 мл MESOMATRIX (Россия)",990.0,c5585779415bb75157ecdc3a4c301174,dcecd320b99cc773ca62965d66c9a2d5
140,"Гель контактный LIFTING ULTRA лифтинг с эластином и коллагеном, 250 мл MESOMATRIX (Россия)",1690.0,4e7f004b4b812ffedc7791226b761b51,04a2788eb68baf99fdc0e698eda2ec57
141,"Гель контактный RF LIFTING, 1000 мл MESOMATRIX (Россия)",2150.0,cdc14ea956041cdce41178f3dd512630,d1ddf92d87f04bc52d8fcc1e00dba4f0
142,"Концентрат токопроводящий VACUUM LIFTING ULTRA, 500 мл MESOMATRIX (Россия)",1490.0,cb6ccd700569d398328b9c58912b329e,6c98f878c0fa3f00db478efe0edbad3f
143,"Тоник токопроводящий HYDRO BALANCE для гидропилинга, микротоков, 250 мл MESOMATRIX (Россия)",1490.0,688f17112eb7841bdfc024d5ab7310a2,6c98f878c0fa3f00db478efe0edbad3f
144,Масло массажное (для аппаратных методик) 150 мл Kleona (Россия),660.0,463433030ee6a23650b2ac216e93a4dc,f522d4240df49738a1e6d14e7a78700d
145,"Токопроводящее масло для аппаратных методик, 1л (Россия)",2300.0,2963df9ad6cf63b0259c87f53c3b3297,ec64c94660ea3ee61bafa03407d2ea07
146,"Акугель-Защита средство для обработки манипул, 1 кг (Россия)",770.0,e8e9d6301c96c197b64fea8752c9f5f6,da90e6c46b8144fe71ae5953884785f9
147,Гель высокой вязкости Медиагель 1 кг (Россия),260.0,0c6f3ff6ef28553dddb4dc4927cbf7b7,a2eb52bb7370640fb494ac5edd80356a
148,Гель высокой вязкости Медиагель ЦВЕТНОЙ 1 кг (Россия),190.0,1d004cdcd4a1ab3be0da705393ac6d6a,130e210cc9587fdfd9f2aad3c1139058
149,Гель низкой вязкости Акугель 1 кг (Россия),260.0,044392beef4499f54b6dfb95fd1295d0,a2eb52bb7370640fb494ac5edd80356a
150,Гель с Алоэ Вера Акугель 1кг (Россия),370.0,da2e79c2e20b93b07b9f1cc971024c1f,71582ca50ad45e6b7a55a2e87f701474
151,Гель средней вязкости Акугель 1 кг (Россия),270.0,e492dd2c10e8ffada4eae34d14ca6e49,acae813add1be4fdc279f86a37bb3949
152,Гель средней вязкости Акугель 5 кг (Россия),1040.0,9af455f890561491613e9585ce294edf,b0c3260a51b803fd64d49b5f13ce7bad
153,Гель Электродный Акугель-Электро 1 кг (Россия),295.0,7522df59aa3421b571d2461e8cfd2e1c,748a7ecdd1bfcfbcbcb7bd02f01aa6d7
154,Гель Электродный Акугель-Электро 5 кг (Россия),1255.0,957a191b6ba5edca71b4ed8c4f64f266,4444947e5658041850e275505cc549a3
155,Дозатор для канистр (5 л),360.0,ab50918d6bf20fe417781ca74650729e,1367c805efe40d74b5f4634a6b7ae5f0
156,Жидкость электродная Акугель-Спрей 250 г,140.0,254abbd86d69e38aca2d68bd623d7625,ac9b657f0751dd78c0711f2154b0a531
157,Гель DESINCRUSTANT 500 мл MESOMATRIX (Россия),1650.0,acf3a1b34b397436c961bfd24deb6969,1e5843fdd647a852f8808c996cc4e818
158,Гель для дезинкрустации 500 гр Гельтек (Россия),3350.0,ab3bb96a01728f5451e10150597a456f,686ca2c6c565f28a7e624835614f4f17
159,Лосьон для дезинкрустации чистки лица 200 гр Гельтек (Россия),885.0,158089785409c98a4c667ade3f6acd6c,a105e92fdf7f43519acc665675d2de6d
160,Маска энзимная пектиновая 200 гр Гельтек (Россия),3050.0,bfa6b4a4124cdcd4dbeb2f85d6b0c11a,a9f138e9cb045d11d51892648d8bf64c
161,Гель Антивозрастной NEO 200 гр Гельтек (Россия),4010.0,505f979a294336f9b021c4a8d16ef5a1,08c565cece0dab6967827d4890496c58
162,Гель Антикуперозный 200 гр Гельтек (Россия),4410.0,01ab6d539b8477724c49aa3f4a63eb63,f459e222717a62ecc15e502f8a53d1fb
163,Гель для зрелой кожи Форма 1 200 гр Гельтек (Россия),2910.0,753cbbeab270ff3ccc749225a3011b49,aa18ad1b80200d14e9b95d3cc4efda9a
164,Гель для кожи вокруг глаз 30 гр Гельтек (Россия),2195.0,0ae804bc49ba27b018b77326197d344f,ef557ce38776b6ef98acd924f7f2b43b
165,Гель для физиотерапии Элкорапан 5 кг Гельтек (Россия),2070.0,2981c118c89141f67ad5db462cf83eb7,edc6a91465f65a636f164e2394ef4819
166,Гель с БТА эффектом 30 гр Гельтек (Россия),2455.0,1874cfe4237c258e1cf40b5f2aaf9c63,16eec6836b25c517290127eac3e8e03f
167,Гель тонизирующий 200 гр Гельтек (Россия),2370.0,e8afdcb71f58e534cbe4fe44021cb55e,574faf209ad3fc5335a9f000caee22b0
168,Гель увлажняющий + 500 мл Гельтек (Россия),5930.0,6a995a47bd3abec92706495341ef0233,45d19df4a2968fd110ff7a3692b15a63
169,Маска Аква-Удовольствие 200 гр Гельтек (Россия),2600.0,a6bc41d96eb6cd106b8a03640306469d,13f9e13fd3fa7c4b7c4a6934e4945d3a
170,Сыворотка 3D-увлажнение 30 г Гельтек (Россия),2150.0,0b28028d0b194044d01f3c159e03dc68,d1ddf92d87f04bc52d8fcc1e00dba4f0
171,Сыворотка Интенсив-омоложение 100 гр Гельтек (Россия),3460.0,5f0381a06fdd04483ab9172018b1d720,bfa58393a8332510f7a0e5651743c925
172,Сыворотка Миорелакс 30 г Гельтек (Россия),2770.0,897e77c3c8205bf541449747ef5bdb14,6d0544b2076d6588fa01530d80a378c2
173,Тоник для жирной и проблемной кожи 200 гр Гельтек (Россия),1035.0,ac4e227291ba1ed51a5b0dc059ff0b12,d72bb2811752c56093aba495bde11122
174,Тоник с гидролизатором коллагена и Aloe Vera 100 гр Гельтек (Россия),730.0,b10fcdf5ade9c22b37ca01f78c105144,e7075934b62439c9816da40248abd926
175,Тоник с гидролизатором коллагена и Aloe Vera 500 гр Гельтек (Россия),2200.0,377113d8cea54aa19806c347780ccd24,5d1dded142944721e9c81ac446764fff
176,Капсулы антивозрастные для процедуры Фарфоровая куколка (10 шт),200.0,96da53103ec50f4e8e336c7e01f03da8,bcddc23e127b38859d98f371d3817273
177,Капсулы от пигментации с алоэ для процедуры Фарфоровая куколка (10 шт),200.0,8867a93db9274e42c2163f0fc9225831,bcddc23e127b38859d98f371d3817273
178,Капсулы отбеливающие для процедуры Фарфоровая куколка (10 шт),200.0,a800fc0be9b2f02c4fe14ac2747fb213,bcddc23e127b38859d98f371d3817273
179,Капсулы отбеливающие для процедуры Фарфоровая куколка золотые (10 шт),210.0,e07d6ec3cd69c95de4ce74592cb72552,bb1196db95c60b1180fcb2d24c8970eb
180,Капсулы против акне для процедуры Фарфоровая куколка (10 шт),200.0,c8a994b24a32a1e79f3b42d3e2e53431,bcddc23e127b38859d98f371d3817273
181,Капсулы регенирирующие для процедуры Фарфоровая куколка (10 шт),200.0,5e9681af794e959a39250edf7f80cfc3,bcddc23e127b38859d98f371d3817273
182,"Сыворотка-концентрат для глубокого очищения B2 HYDRO FACIAL, 250 мл MESOMATRIX (Россия)",1730.0,cfe734bd5497bd705c2e29196d582aba,7dda1e48b4e73912ee3031ff0f6fe8f9
183,"Сыворотка-концентрат увлажняющая и антиоксидантная C3 HYDRO FACIAL, 250 мл MESOMATRIX (Россия)",1730.0,eea082c2c3fc2845ed1deebbaa7a6bb9,7dda1e48b4e73912ee3031ff0f6fe8f9
184,Концентрат гиалуроновая кислота + экстракт Икры 25 мл +ACTIVE (Россия),1260.0,e8335f6cce14c4a398da9894cb4d74ed,94cb132a64f1fa66acfbe66177353249
185,Концентрат гиалуроновая кислота 100% 25 мл +ACTIVE (Россия),1260.0,a47d31a27456a14f0d4f597dcdfb8f09,94cb132a64f1fa66acfbe66177353249
186,Концентрат гиалуроновая кислота с комплексом себорегуляторов 20 мл +ACTIVE (Россия),1260.0,94e77c936d54d9435dc3c8aae2442570,94cb132a64f1fa66acfbe66177353249
187,Концентрат гиалуроновая кислота с экстактом Микроводоросли 25 мл +ACTIVE (Россия),1260.0,fc52ec785066b49fa6263247eb4dbf7d,94cb132a64f1fa66acfbe66177353249
188,Низкомолекулярная ГК с ДНК-комплексом и органическим кремнием 20 мл +ACTIVE (Россия),1260.0,fd2e0190b335cd794fd01fcf4dafa2a0,94cb132a64f1fa66acfbe66177353249
189,"Низкомолекулярная ГК с пептидами, коллагеном и орг кремнием 20 мл +ACTIVE (Россия)",1260.0,494ee64efb889bf57572505b027f7a3a,94cb132a64f1fa66acfbe66177353249
190,Стволовые клетки Подорожника с комплексом гиалуроновой кислоты 20 мл +ACTIVE (Россия),1260.0,e77e771b86e48c034ebba868179c411e,94cb132a64f1fa66acfbe66177353249
191,Флюид восстанавливающий для век от темных кругов и отечности Peptide complex 20 мл +ACTIVE (Россия),1260.0,1e54334ad57c4df1d0506ffc7ff764b7,94cb132a64f1fa66acfbe66177353249
192,Флюид осветляющий для коррекции пигментных пятен 20 мл +ACTIVE (Россия),1260.0,6d600f8a2fa22f1f854355bebfc9358c,94cb132a64f1fa66acfbe66177353249
193,Флюид питательный для лица и декольте с усиленным лифтинг действием 20 мл +ACTIVE (Россия),1260.0,72a013eb1289803b17d3da5ce22134a6,94cb132a64f1fa66acfbe66177353249
194,Флюид увлажняющий для век с омолаживающим эффектом 20 мл +ACTIVE (Россия),1260.0,89dbc052e73016b3b09deb093c20ff68,94cb132a64f1fa66acfbe66177353249
195,Эмульсия укрепляющая с антикуперозным комплексом 25 мл +ACTIVE (Россия),1200.0,031dfb67e71d2897d8c2f9d3933da089,6f8f8c09f1d61e8f6c583841bf13d5ac
196,"Концентрат BIO ACTIVE Concentrate 2 мл (Mesaltera, Россия)",300.0,c6e2f2dac826be5c6bc6d3e0ab559d1c,154885749893f45ca4a0c26389428ced
197,"Концентрат COLLAGEN ACTIVE Concentrate 2 мл (Mesaltera, Россия)",300.0,f92be60ef6d9b3caba47e256166418ae,154885749893f45ca4a0c26389428ced
198,Активный пептидный комплекс Peptiderm5 Активное омоложение 5 мл Mesoderm (Испания),500.0,8dbaf4afe9b08a338d17835ef94f9906,02541b7cbb840b5f6bd8eff3c9f56f61
199,"Коктейль лифтинговый пептидный с ГК для мезороллера 5 мл,  Mesoderm",350.0,4641465e0424d0f54723964bc6329887,a7ca6af3f08937ad448c8a196f7541b8
200,Сыворотка лифтинг эффект «Pro-Xylane Hydro Lift Serum» 3 мл Mesoderm,210.0,6dc993c219bf25e028fbbe665fe42c58,bb1196db95c60b1180fcb2d24c8970eb
201,Концентрат активный подтягивающий с гидрализатом коллагена 5 мл  Beauty Style Корея,170.0,1b39f3630169f15120eab505857a0c48,a0c4b1cdc3496504a5c6bd1d70a8c092
202,"Сыворотка (Комплекс) интенсивный лифтинг ""Совершенство"" заряд 3мл Beauty Style Корея",140.0,a154971e5b93ebc02f8b2475bd7fc5f5,ac9b657f0751dd78c0711f2154b0a531
203,Сыворотка (Комплекс) коллагеновый для LED масок 5мл  Beauty Style Корея,170.0,568648b96830c362af8834a067ecc621,a0c4b1cdc3496504a5c6bd1d70a8c092
204,Сыворотка увлажняющая с гиалуроновой кислотой 2мл  Beauty Style Корея,80.0,f1788c5d7683f50c631014ad7be2e983,8ee5d21b272d43a875504f3e5845e141
205,Лосьон для водородной терапии 400 мл,1500.0,3a63022c8d5245213cba0a25adccb9ec,1c51ac3926a046148a24ba048afc85cd
206,Дисплей к аппарату HIFU SMAS-4D,0.0,3b539535d51ba130717edcc3cd852f33,30565a8911a6bb487e3745c0ea3c8224
207,"Картридж 1,5 mm к аппарату HIFU G25",15000.0,515989b8838ec42f626a8317eceaa3af,37880ff4f328c48568be67fc2fd321bd
208,Картридж 1.5 mm к аппарату HIFU 12 lines,15000.0,b6be260ffb8aaba088bb9d32553ea90b,37880ff4f328c48568be67fc2fd321bd
209,Картридж 10-1.5 mm к аппарату HIFU ARVOKA,24100.0,7624a00bb32a91c5f1a0a907f9d83466,16a0af86b127d3c886dd8c0bb1f8a3c0
210,Картридж 13 mm к аппарату HIFU 12 lines,15000.0,9f12c3291aeca92b1a2017e400104cf3,37880ff4f328c48568be67fc2fd321bd
211,Картридж 16 mm к аппарату HIFU 12 lines,15000.0,4b3c6e8b760c3e62d49940fc9bc01a0d,37880ff4f328c48568be67fc2fd321bd
212,"Картридж 3,0 mm к аппарату HIFU TT",15000.0,4f45526392b9439b01e6e792d85385f2,37880ff4f328c48568be67fc2fd321bd
213,Картридж 4-13.0 mm к аппарату HIFU ARVOKA,24100.0,d7c4d7155bd20eb012d02ca74f66a64d,16a0af86b127d3c886dd8c0bb1f8a3c0
214,Картридж 4-4.5 mm к аппарату HIFU ARVOKA,24100.0,a849e56c396bf390895fd377d1d1f35f,16a0af86b127d3c886dd8c0bb1f8a3c0
215,Картридж 4-8.0 mm к аппарату HIFU ARVOKA,24100.0,c31a598db915a2d977b0bcdf2d94502c,16a0af86b127d3c886dd8c0bb1f8a3c0
216,"Картридж 6,0 mm к аппарату HIFU TT",15000.0,69cc590006ad80a0235a5f4ab5add79f,37880ff4f328c48568be67fc2fd321bd
217,Картридж 8 mm к аппарату HIFU 12 lines,15000.0,2d822b763cd0271f7e71fe745f2e7b91,37880ff4f328c48568be67fc2fd321bd
218,Картридж DL 1.5 mm к аппарату D55,13000.0,4314f092a358fc8a6f2bcb8850d200be,8a332a6311e51aa6c9c5f56c03952565
219,Картридж DL 3.0mm к аппарату HIFU SMAS-4D,28700.0,c168043f925cb360d4896f033e451790,f9c8792ecdb1554eb4855046fa43ea36
220,Картридж DL 6.0mm к аппарату HIFU SMAS-4D,24100.0,6099056ed2b30e34c47cbb4b6a6737ec,16a0af86b127d3c886dd8c0bb1f8a3c0
221,Картридж DS 10-1.5mm к аппарату HIFU SMAS H-5,24100.0,9b18fb8f077c8d3ecbd42d77b2558f8b,16a0af86b127d3c886dd8c0bb1f8a3c0
222,Картридж DS 10.0mm к аппарату HIFU SMAS-4D,24100.0,5221286b2aa4e6c476b375a205aeb1a6,16a0af86b127d3c886dd8c0bb1f8a3c0
223,Картридж DS 13.0mm к аппарату HIFU SMAS-4D,24100.0,b1cdec4a45092b602fd0cb8717cdae99,16a0af86b127d3c886dd8c0bb1f8a3c0
224,Картридж DS 3 mm к аппарату HIFU SMAS H-5,24100.0,b89b5b01521adf26d6110efed259c591,16a0af86b127d3c886dd8c0bb1f8a3c0
225,"Картридж DS 4-3,0 mm к аппарату HIFU SMAS",24100.0,a73c6ceeb9ec258dd982bf1a28135594,16a0af86b127d3c886dd8c0bb1f8a3c0
226,Картридж DS 4-4.5 mm к аппарату HIFU-A,24100.0,4fbb3a26134cb9cc36f721e043d1fef7,16a0af86b127d3c886dd8c0bb1f8a3c0
227,Картридж DS 7-3.0mm к аппарату HIFU-A,24100.0,4c8d2f8bab8c44f7487f7631ad2791fd,16a0af86b127d3c886dd8c0bb1f8a3c0
228,Картридж вагинальный 3.0 mm к аппарату HIFU-A,8000.0,b34c9c1042751453b762812cf79bfa52,2905788f160da7b0dc9dfd9e29e45d93
229,"Картридж вагинальный 4,5 mm к аппарату HIFU SMAS H-5",27600.0,dfe78cc52ac1222cac8c9039bd693f85,c172fc28fd8fb3f444d385ac08da8929
230,Картридж на ремонт,0.0,d4acdddfd4df4d141a1f7df5e69abe76,30565a8911a6bb487e3745c0ea3c8224
231,Корпус манипулы кавитации (HIFU+RF) V5 PRO,0.0,6fce04fb660393e5b950da1a52e0a5da,30565a8911a6bb487e3745c0ea3c8224
232,Манипула к аппарату HIFU SMAS H-5 Интимного омоложения (вагинальная насадка),28700.0,c7292a6b7ee39c70410da401cd5dbfa7,f9c8792ecdb1554eb4855046fa43ea36
233,Манипула к аппарату HIFU SMAS-4D лифтинга 8 картриджей,34500.0,4e9a3dfd3742856247b4b4b0ba383954,2538d7da8eac9d165b42ddd9fa48944b
234,Наклейка ARVOKA,0.0,5d4583e138c98205ee011e24c3a84412,30565a8911a6bb487e3745c0ea3c8224
235,Наклейка HIFU SMAS 4D,0.0,4ba0aa5135f8e8f7f8eb97124cf3148a,30565a8911a6bb487e3745c0ea3c8224
236,"Наклейка к картриджу HIFU SMAS  (1,4*4,4 см)",250.0,62948fa0654ef2947a0cee4e357bf58f,8c8fa24c990eb4258cc69639bd3ae6e4
237,"Наклейка к картриджу HIFU SMAS  (1,8*4,7 см)",250.0,51ab9a8ef3048ba8028a23dabfbc60f3,8c8fa24c990eb4258cc69639bd3ae6e4
238,"Наклейка к картриджу HIFU SMAS (2,8х1,1 см)",250.0,d85ee10fbd5308e4da2f1ec4b6bf9dcd,8c8fa24c990eb4258cc69639bd3ae6e4
239,"Наклейка к картриджу HIFU SMAS (4,3-1,3см)",250.0,9032814329149bd3c6000c0901e6e7e5,8c8fa24c990eb4258cc69639bd3ae6e4
240,"Наклейка к картриджу HIFU SMAS (4,9х0,9 см)",250.0,9abf7135ed94e2244b6973898e0d0c57,8c8fa24c990eb4258cc69639bd3ae6e4
241,"Наклейка к картриджу HIFU SMAS (5-2,2см)",0.0,c25d4dc0463f652f4eb8138fd23d4f7e,30565a8911a6bb487e3745c0ea3c8224
242,"Наклейка к картриджу HIFU SMAS (5,9х2,7 см)",250.0,24d86afb039a0233c1b463ac781e86c8,8c8fa24c990eb4258cc69639bd3ae6e4
243,"Наклейка к картриджу HIFU SMAS 1.5 mm (1,3*4,3 см)",250.0,413e5252469d5a7a4513a20cfbee15ed,8c8fa24c990eb4258cc69639bd3ae6e4
244,"Наклейка к картриджу HIFU SMAS 3.0 mm (1,4*4,9 см)",250.0,0c76f9a3f5f0356f646314c73ff9e11a,8c8fa24c990eb4258cc69639bd3ae6e4
245,"Наклейка к картриджу HIFU SMAS 8.0 mm (1,7*4,7 см)",250.0,534125d7f3bc2695e046bca72a4e5f25,8c8fa24c990eb4258cc69639bd3ae6e4
246,Шнур с коннектором к апапрату HIFU-A,7500.0,0f5e8a19e1b914254558ba5092872928,ac0e5a8c17383488457b6dc8774dee5f
247,яяяНасадка BS 4-13 к аппарату ARVOKA (HIFU),0.0,da466bc752eab0d34d35c5e858371a10,30565a8911a6bb487e3745c0ea3c8224
248,яяяНасадка DS 10-1.5 к аппарату ARVOKA (HIFU),0.0,d7ee7fdd3310d1c36b7e8c066b952c78,30565a8911a6bb487e3745c0ea3c8224
249,Аппарат 2 в 1 B55 frozen hifu+ V-max (точечный HIFU SMAS),250000.0,8b7927883b9a55269eb7242bc1865b8c,1b50bc17bf4d6f660779d3abf544e14a
250,Аппарат ARVOKA (HIFU) 5 картриджей,135000.0,7e35e432a314e9c82ef7b2800f96a8fa,68121be88e5bc1ec41db49459f142ed4
251,Аппарат HIFU SMAS A5 для интимного омоложения,70000.0,5dfa56c3c25778200ea92ad8f9da3dfa,a9d7eb713c96ea4631a8eb845c29028c
252,Аппарат HIFU SMAS-4D лифтинга 8 картриджей,310000.0,eb0377d3d3336ad683405088ade7c473,1dcfa868ca85bb5847279cd91cdbd880
253,Аппарат HIFU SMAS-лифтинг MINI 3 картриджа,0.0,14794289131fe51455cae441a653f030,30565a8911a6bb487e3745c0ea3c8224
254,"Аппарат HIFU TT (кольцевая технология, SMAS лифтинг)",195000.0,f3234954e83e50e39ab67dfcdeb36205,80cac3cfe171aef1429ffd3fb257e8b1
255,Перепрошивка картриджей для аппарата HIFU SMAS,10000.0,9c3e4ea47159c5d7e78309c79775bbd4,6afee53fff721cd3a9cb842db805c21d
256,яяяАппарат HIFU V-Max с динамическими манипулами,110000.0,00f0d9d41717862efc724ed89c433d0e,ea9fc49d5308108a270121f20d5a4073
257,Аппарат Hyaluron Pen 0-3мл Черный,6000.0,852156a98937042448c2267b9e0b091d,7767eec05a113f549744dfdc5eaa0cca
258,"Картриджи для аппарата Hyaluron Pen 3 мл, 5 шт",800.0,bbcd8655b0fb13ff91a2cdb81a4db2de,9265bef4e6120ca390b3943df5d7879a
259,Манипула к аппарату Карбокситерапии (карбокситерапия),5000.0,ca6aae2bc3dbc85bf96bd096a4a6fca0,9ca518dc0b3789adb8ad93efa4978101
260,Манипула к аппарату Карбокситерапии (ультрафонофорез),5000.0,e2a30304fab88a2704a417603f7f04a4,9ca518dc0b3789adb8ad93efa4978101
261,Набор для карбокситерапии BALANCE противосполительная,700.0,99a41ce93b9f9fb99b10242173e8f6ea,253202759bf820696367d94db917da30
262,Набор для карбокситерапии DETOX Fembliss очищение,630.0,aba30e5ea7fe4b14acf3466a480e0bd5,43fc65464a2b2cf24aaf05a55589c496
263,Набор для карбокситерапии GLAM Fembliss моделирующая,630.0,c9fa300a08ce54c7b667c5c5ff53a66e,43fc65464a2b2cf24aaf05a55589c496
264,Набор для карбокситерапии HYDRATE Fembliss увлажнение,630.0,eba9809a7c5ed664c9edb3af9d695ef0,43fc65464a2b2cf24aaf05a55589c496
265,Набор для карбокситерапии ILLUMINATE Fembliss сияние,630.0,650aaa704ed80f7adb345935d042995e,43fc65464a2b2cf24aaf05a55589c496
266,Набор для карбокситерапии Illuminating сияние (Change young),630.0,539c15030a9c55841db2a3820e7f68ca,43fc65464a2b2cf24aaf05a55589c496
267,Набор для карбокситерапии Revive омоложение (Change young),630.0,941168a8a6587f14f5db020f6bd0b008,43fc65464a2b2cf24aaf05a55589c496
268,Набор КИТ для аппарата Карбокситерапии (NeeRevive) омолаживающий,630.0,0e51de5d9e08d3b2f83764b71d4c0a57,43fc65464a2b2cf24aaf05a55589c496
269,Набор КИТ для аппарата карбокситерапии Glowskin O+ green,630.0,85e53187ed18e23da7fc21fc2b585c42,43fc65464a2b2cf24aaf05a55589c496
270,яяяНабор для карбокситерапии BALANCE противосполительная 6 шт,4200.0,dcb6f8c7d8e29a7f4f45ecfa4a093b6d,ec342d0e76724c5b718abfd86d9bd386
271,яяяНабор для карбокситерапии GLAM моделирующая 6 шт,4200.0,1ff755c283b368b69d1881d3d5623827,ec342d0e76724c5b718abfd86d9bd386
272,яяяНабор для карбокситерапии ILLUMINATE сияние 6 шт,4200.0,6309102fe6d22b6bb20c876480691b90,ec342d0e76724c5b718abfd86d9bd386
273,Аппарат Карбокситерапии Carboxy,50000.0,c23d9746bed954562dc4e795c0fe99f1,3b68e4b87a954d6116e95334c6c59068
274,Аппарат КАРБОКСИТЕРАПИЯ 2 манипулы,63000.0,96873182a4820658c6d25d769dd70e2f,67f6fa21411257d07dd48b7d5f8127c1
275,Аппарат Светодиодная LED-терапия,9900.0,8ea77c6cfd1cbb799f39fb0353f077ab,baa7d228cc1b23f8eec5bfaad63bf2fa
276,Аппарат светодиодной паровой SPA LED-терапии,21000.0,583ac6c7e7da36f2e40b638ee4faebe2,6aac70ce162faf0ccc0509eb69e30373
277,Нога к SPA LED терапии,0.0,48883ab839d40d2307bc84a110479c22,30565a8911a6bb487e3745c0ea3c8224
278,Ведущая шестерня в манипулу Vela Shape V9,2300.0,10c36d37fe3f49c9ab253a7ddb05f961,ec64c94660ea3ee61bafa03407d2ea07
279,Датчик давления вакуума Анкор V8С2,2000.0,7648b1ad015a09a91ac9bd1dcdadcb37,2ac7068637714720db84bfd44d01c259
280,Крепление для манипулы к аппарату Анкор V8-C2 (1) 1 шт,1000.0,44d2d7418ad8d8ea868a9a5568ab4fdf,1434f81012ce9c2aba692d5177889ef4
281,Крепление для манипулы к аппарату Анкор V8-C2 (3) 1 шт,1000.0,af6d92c19a102e7c75667cde1bbd8a84,1434f81012ce9c2aba692d5177889ef4
282,Манипула к аппарату LPG,29000.0,f09b607ac80f95f0b5ae1a041dfe63a2,5a5eeaae282649d85bec7e965e4b311d
283,Манипула к аппарату Slimm IV Вакуумный массаж большая,0.0,bd422123275bc9557217c192f5f2604d,30565a8911a6bb487e3745c0ea3c8224
284,Манипула к аппарату Vela Shape S1 Кавитация,34500.0,1f0052edf1275a0785c0033838740838,2538d7da8eac9d165b42ddd9fa48944b
285,Манипула к аппарату Vela Shape Sculptor Вакуумная большая,53000.0,ef156043137a8e66c002c74e5ad549b4,813077ab7a0172120b4276a413071c54
286,Манипула к аппарату Vela Shape V9 Вакуумный массаж средняя,34500.0,0397d3af3ad239e14ed3725c6226748a,2538d7da8eac9d165b42ddd9fa48944b
287,Манипула к аппарату Анкор V8-C1 (Anchor) Кавитация,73000.0,4da4596c0a336a7a3b2780867ddbdbfb,4fabceecf5ebc75a4bef09519f18c4c3
288,Набор уплотнительных колец для Анкора V8C2 большие 10 шт,300.0,4e9d7cfbcafba536ad8f39443298a48f,154885749893f45ca4a0c26389428ced
289,Набор уплотнительных колец для Анкора V8C2 средние 10 шт,300.0,422a7f9aa0a6f2f84d72ac12a221333c,154885749893f45ca4a0c26389428ced
290,Насадка к аппарату Velashape Sculptor для манипулы вакуумно-роликового массажа по лицу,10500.0,b8780f45023ae2cba3f6816dc799416b,9478df8125fc5911aa7b9d24d77c4580
291,Насадка к аппарату Анкор С1 для манипулы вакуумно-роликового массажа по телу,17300.0,bb4a061381201a9ba504fa23aee3dcc1,984b9a242641d9ecf60cb8a5547a5e6f
292,"Насадка к манипуле по лицу вакуум+РФ к аппарату Анкор V8-C2, C1 (2)",17200.0,76dc5ebe8ba48ac8f80d613e7decaf98,c5b017d52145751a2a36031c6be57277
293,"Насадка к манипуле по лицу вакуум+РФ к аппарату Анкор V8-C2, С1(1)",17200.0,a1c6c5119ca77150185a0ccf9cc6e070,c5b017d52145751a2a36031c6be57277
294,Насадка к манипуле по телу вакуум+РФ к аппарату Анкор V8-C2 (2),20700.0,c8c90161a77debbdbf3fd1cb6a4a98db,69432a9f6f1fa810ade26f93c9721a08
295,Полочка к аппарату Анкор С1 для манипулы вакуумной большой,11500.0,9d233fcaa587a965575ee130eda21422,734045751fb5eca17a5c03d947c65dd8
296,Промывочная бутылка со шклангами для Анкор V8C2,0.0,2796f4a5e80cf866c2237eb5f08ca10c,30565a8911a6bb487e3745c0ea3c8224
297,Резинка к манипуле Анкор V8C2,0.0,c3c85b3af21de65a1e62557010ab99bd,30565a8911a6bb487e3745c0ea3c8224
298,"Фильтр к аппарату KIM-8, Vela Shape S1, SA-6048, Sculptor",2300.0,99deafc71755bb80a706767706d70dbc,ec64c94660ea3ee61bafa03407d2ea07
299,Фильтр с резинками,1500.0,6138fcd2642f20edd06df8a62a39d6a5,1c51ac3926a046148a24ba048afc85cd
300,Фитинг (папа) для Анкора V8C2,1000.0,2d8b5984694d9d5aa27e85ca74400c0a,1434f81012ce9c2aba692d5177889ef4
301,яяяСоединитель Анкор V8C2 (назвать правильно),5000.0,c603f9f9e261782e80b493f891065c01,9ca518dc0b3789adb8ad93efa4978101
302,Аппарат Velashape Sculptor,299000.0,d073a7803be733cd4bc927a44d80378f,de00260e4b3e1b3827b5801e841c769e
303,Аппарат Анкор V8-C2,520000.0,d9f6b8e59d0f8749e4fe5ac81dac53d0,c0ccc38cc72c2055e2ec59d21ed8792a
304,Аппарат Анкор V8C2+,590000.0,3e05df7fe31783aaebe608c14dc41365,dd212c4ca121869f6726fbc00f1e889d
305,Блок питания к аппарату EMS meso NV-H9,0.0,e160eb05aed7e13a35caf3bcaaf6ac94,30565a8911a6bb487e3745c0ea3c8224
306,Манипула к аппарату EMS meso NV-H9,18400.0,237c9f1b07921c0729339fdd60cf1668,03fbca65f40c22250737b4c851570a1f
307,Манипула к аппарату IB 9090 Art: SP-068А Большая,6900.0,2a7a8e460e0c500e7a09d4e5440329e8,1fde5d41da061a9fb0c936d6fb610688
308,"Манипула к аппарату IB 9090, DIY-111 Art: SP-068С с флаконом",5200.0,34148f993a50f3852bc88375073b3168,8b363f8eade31dacc136a7752870af3e
309,Набор картриджей для Инжектора MICROPOWER (4мм площадка),250.0,47470d769c31a5b981891c82fb306928,8c8fa24c990eb4258cc69639bd3ae6e4
310,Электрод для фонофореза конусовидный,2200.0,b0059889f71cb42320643e75ebbf5f66,5d1dded142944721e9c81ac446764fff
311,яяяНабор картриджей для Инжектора MICROPOWER (5мм площадка),250.0,9725307592214cb3642a4da4283309ba,8c8fa24c990eb4258cc69639bd3ae6e4
312,Аппарат Reskin безыгольной мезотерапии,210000.0,0a9d9e39555d9aa5c76aa2d1bd85411f,d0e054c16a73c7437abe1f230f426e9b
313,Аппарат для трансдермальной мезотерапии+криотерапия Hello Face,70000.0,e51bfb1119d4cf70c510a0c9455f46b9,a9d7eb713c96ea4631a8eb845c29028c
314,яяяАппарат для трансдермальной мезотерапии+микротоки Hello Face,70000.0,5b9e4d3f057c64639e1100676f671616,a9d7eb713c96ea4631a8eb845c29028c
315,"Банка вакуумная для лица к аппарату Старвак D=45 mm Внутрниний, Внешний D=- 60 mm",1750.0,7fb01f512c33d7936962979e74a7958b,3ce2d44ac34b0ad717cf139b4c65b098
316,Банка вакуумная для тела к аппарату Старвак D=23 mm,450.0,68309c4fba883171d05ca333e7330ef3,1fe1fe129fd29dbb254dc06485a3a308
317,Банка вакуумная для тела к аппарату Старвак D=60 mm,1750.0,f57c057e84a0cd123988d6046aaceb79,3ce2d44ac34b0ad717cf139b4c65b098
318,Банка вакуумная для тела к аппарату Старвак D=7 (4 внутренний) mm,450.0,49592224b27f5334d82486639640f1ca,1fe1fe129fd29dbb254dc06485a3a308
319,Банка вакуумная к аппарату BIO-301 (1),900.0,9bbe2dde51c975efead8db1a840f41f2,01eafb9e0edd6be35a90d11531433215
320,Банка вакуумная к аппарату BIO-301 (3),900.0,9062c56ef9cd88ae5410a0f01d8c215d,01eafb9e0edd6be35a90d11531433215
321,Банка вакуумная к аппарату BIO-301 (5),600.0,19525a8491f380ccdc74c8c02fb14de3,b1a27c5f4f41306473f425338bd24d5c
322,Банка вакуумная к аппарату IB-8080 малая,2200.0,8ed10b80ea4eda509222e14332e770df,5d1dded142944721e9c81ac446764fff
323,Банка вакуумная с вибромассажером к аппарату BIO-301 (1),2300.0,2c89e43ddaa3cf42519a7c986d5fd4e3,ec64c94660ea3ee61bafa03407d2ea07
324,Банка вакуумная с вибромассажером к аппарату BIO-301 (3),1750.0,22b1654d551384a18805587695a7b483,3ce2d44ac34b0ad717cf139b4c65b098
325,Банка пластиковая для вакуумного массажа 1шт,1150.0,c8b6f58cb646e1d3060986bcadf2b7df,6ec73a4c97a95e63163d61c1512e1d30
326,Банка пластиковая для вакуумного массажа NV-600 D=125mm (Средняя),900.0,2a32ea85d9cbf8c6becf40c1205fdc40,01eafb9e0edd6be35a90d11531433215
327,Емкость для вакуум-спрей,600.0,34f743d0c1adc4cef813aa48a32d750c,b1a27c5f4f41306473f425338bd24d5c
328,Канюля к аппарату BIO-301 (1),600.0,c735d8b4fb81b8edddbfc5972e3882ee,b1a27c5f4f41306473f425338bd24d5c
329,Канюля к аппарату BIO-301 (3),600.0,017ec82f7eabe59ef9cfa0de6fb35f4f,b1a27c5f4f41306473f425338bd24d5c
330,Канюля к аппарату BIO-301 (5),600.0,85b47b5f6b4b74ca432760a4b8d2d09d,b1a27c5f4f41306473f425338bd24d5c
331,Канюля к аппарату BIO-301 (7),600.0,bf144759c30713d7e46ad5c041af9e64,b1a27c5f4f41306473f425338bd24d5c
332,Манипула к аппарату BIO-301 Био-фотон,6900.0,807c58eb6ae9ea68238f867dd4bbd5ee,1fde5d41da061a9fb0c936d6fb610688
333,Манипула к аппарату SA-032 Вакуумная,4600.0,03a48c4b49e1cdaec7f2437d928bcd2e,94f2015267229a9882370b71ea3d4a9f
334,Манипула к аппарату SP-46 Вакуумного массажа Малая (Пластиковая),2300.0,8155a125dfd5cac5425186185921cdde,ec64c94660ea3ee61bafa03407d2ea07
335,Манипула к аппарату Старвак ролики малая,10350.0,481da5923073b480597f4a71e6feb363,cc5266e1537b9548d5dac70c09637854
336,Маслоотсекатель - фильтр,250.0,8ab486654bdee226b784be91bc82d2f6,8c8fa24c990eb4258cc69639bd3ae6e4
337,Насадка для вакуумно-роликового массажа большая (D - наруж = 72-75 mm),2200.0,68ddf1955ebb2e740959c406b038d0b1,5d1dded142944721e9c81ac446764fff
338,"Насадка для вакуумно-роликового массажа для лица большая глубокая (D - наруж=33 mm, d - внут=20mm)",1150.0,f49e0241bfde020ecfe0ff6eea202585,6ec73a4c97a95e63163d61c1512e1d30
339,"Насадка для вакуумно-роликового массажа для лица малая  (D - наруж=15mm, d - внут=6mm)",700.0,8e39e0e956b578ac387ae42175ff10e1,253202759bf820696367d94db917da30
340,"Насадка для вакуумно-роликового массажа малая глубокая (D - наруж=53 mm, d - внут=29 mm)",1950.0,f9144d437298ba758a9c8897cc63f831,3ba42fe02cbb0aadedd2ead7b6a7cd58
341,"Насадка для вакуумно-роликового массажа малая не глубокая (D - наруж =55 mm, d - внут=21mm)",1000.0,e4a73d7935c6658f4ac1fb12b3a82c8e,1434f81012ce9c2aba692d5177889ef4
342,"Насадка для вакуумно-роликового массажа средняя не глубокая (D - наруж=53 mm, d - внут=31mm)",1750.0,1e9a1217f70d918278765387b746186c,3ce2d44ac34b0ad717cf139b4c65b098
343,Насос вакуумный (NV-600),6000.0,2ffa08b9554837c6be37ab2abc830c40,7767eec05a113f549744dfdc5eaa0cca
344,Переходник для двойного силиконового шланга,250.0,5d44acd40c889b62105096522b5c213b,8c8fa24c990eb4258cc69639bd3ae6e4
345,Переходник для шлангов Старвак 1,600.0,b68799116811a11043619dc79466529b,b1a27c5f4f41306473f425338bd24d5c
346,Переходник для шлангов Старвак 3 (10*10м),700.0,c98dd2529b6030b3315d1ce480944fc1,253202759bf820696367d94db917da30
347,Переходник ПАУК к аппарату BIO-301,3100.0,f3f81cd9fa4eb62be76e4a7a1f675096,991e2758f156dab343be26ef96b8b71f
348,"Провод к аппарату IB-8080 фотон свет, микротоки, вибро",1150.0,93cd2c6dd13716e6c65a0ec7e267a073,6ec73a4c97a95e63163d61c1512e1d30
349,Резинка фиксатор 10 шт №1,150.0,7d0c61f81d11b38773a241c57a73bb64,e77f848ebbae19a99eee74e4d5246ce5
350,Стеклянная канюля для вакуумного массажа,800.0,8f49fde999ca628173cd12956d347788,9265bef4e6120ca390b3943df5d7879a
351,Стеклянная канюля для вакуумного массажа к аппарату NV-600 (Большая),600.0,2fe0442414df58e48a14bf6e3ccabeab,b1a27c5f4f41306473f425338bd24d5c
352,Стеклянная канюля для вакуумного массажа к аппарату NV-600 (Средняя),500.0,d6add519f3455dc3843e76318b4ba8c3,02541b7cbb840b5f6bd8eff3c9f56f61
353,Стеклянная канюля для вакуумного массажа Средняя,350.0,ba28f1ebd4362365fc66a65eda4a8147,a7ca6af3f08937ad448c8a196f7541b8
354,Стеклянная канюля для вакуумной чистки (2) снеговик,300.0,de4663cb502e7ed29c2602fee71d11d0,154885749893f45ca4a0c26389428ced
355,Фиксатор уплотнитель для вакуума,250.0,6a8e9084c36479f6d6e3af418d587aa3,8c8fa24c990eb4258cc69639bd3ae6e4
356,Фильтр для вакуумной манипулы (белая таблетка),0.0,2e45cac5bdb93114e2723a7220d8199a,30565a8911a6bb487e3745c0ea3c8224
357,Фильтр к аппарату Старвак,700.0,71aaff3b688a60be264bab47ecf30165,253202759bf820696367d94db917da30
358,"Фильтры 1,5 см 55 шт для микродермабразии вакуумного массажа",350.0,14795699ecb15fa2e05b363d25760e11,a7ca6af3f08937ad448c8a196f7541b8
359,Фильтры к аппарату BIO-301 (пористый) 5 шт,300.0,4f08d9b28431f9778f63c9423a7b2d17,154885749893f45ca4a0c26389428ced
360,Шланг к аппарату BIO-301 короткий,1750.0,2c9828d11f6aca4fb2d3f1bbfe0c0f68,3ce2d44ac34b0ad717cf139b4c65b098
361,Шланг к аппарату IB-8080 (1 метр силикон),300.0,079c5e10f468ac1f44d4dae00e323351,154885749893f45ca4a0c26389428ced
362,Шланг к аппарату Старвак,5750.0,2a09266a1bab28235eed93e7d255ceb8,bad80dd6a110c76228f81ec1938f3e39
363,Шланг к аппарату Старвак 3,6000.0,93f5f905b546daf0a1cc81ee3e8074b1,7767eec05a113f549744dfdc5eaa0cca
364,Шланг к аппарату Старвак 5,700.0,4fb521b5ccb87d9169fbfcfc97e044a7,253202759bf820696367d94db917da30
365,"Шланг с переходником 1,5 м",700.0,6f766e9b34f973aecf7e44b0515e592d,253202759bf820696367d94db917da30
366,яяяБанка вакуумная для тела к аппарату Старвак D=100 mm,1950.0,c3ce90be6229c6fbbdfd72db41888f00,3ba42fe02cbb0aadedd2ead7b6a7cd58
367,яяяСтеклянная канюля для вакуумного массажа (10),0.0,fc22b4aafd53ee3aaa4379327bdd6068,30565a8911a6bb487e3745c0ea3c8224
368,яяяСтеклянная канюля для вакуумного массажа (5),0.0,123943fe18a179a72b859a67581423ce,30565a8911a6bb487e3745c0ea3c8224
369,яяяСтеклянная канюля для вакуумной чистки,700.0,c3d7c45c5afcdd0e8d24d8b09621a54a,253202759bf820696367d94db917da30
370,яяяяШнур силиконовый какой-то,0.0,8f3dec21c4b5529552f772d2a7509f60,30565a8911a6bb487e3745c0ea3c8224
371,"Аппарат 5 в 1 TM-925 (LPG, RF, кавитация) для лица и тела",170000.0,ce0eab9e5ea1bbd1872c222bfba4b6fa,b443c03e681dc765cddc145587dc4d1a
372,Аппарат вакуумного массажа BIO-301,55000.0,3a1fa36fcc96d198b0f73bf8af52feba,f19bb046ca4ba9a016360ca151cc8a0a
373,Аппарат вакуумного массажа M-364A,15000.0,ea6b1763ad37fc20d38d003346433e6c,37880ff4f328c48568be67fc2fd321bd
374,Аппарат вакуумного массажа SA-032,25000.0,9bff84df32a209483c750a3583e9b327,ff771bb15ba3d9b95fdcdfa3126a0f75
375,яяяАппарат вакуумного массажа B-0805,21300.0,56f67edddcd9730db67f9b40a62df46b,3c4adc887df9fdd74d3e64eebfb6cf28
376,Манипула к аппарату G8 вакуумная без шнура,6900.0,4b18b612258eaa2525430d4f25ff9da3,1fde5d41da061a9fb0c936d6fb610688
377,"Насадка к аппарату M-A668S, G8, G5, SA-S800T для деликатных зон",1800.0,0d79a5668880fc2891a7d99739883b73,a9aa2678507773c2aef4c5c747861599
378,"Насадка к аппарату M-A668S, G8, G5, SA-S800T для проработки шейного отдела",2300.0,0c15f3d40165b15264acdfe586268dcf,ec64c94660ea3ee61bafa03407d2ea07
379,"Насадка к аппарату M-A668S, G8, G5, SA-S800T для стимуляции и шлифовки",1800.0,22ab499335112d656eb0af608cfe2e52,a9aa2678507773c2aef4c5c747861599
380,"Шнур к вибрационной насадке G8, G5",8000.0,fd393690b8234e01d9e6c2dd2175eb9e,2905788f160da7b0dc9dfd9e29e45d93
381,яяяМанипула к аппарату G8 вибрационая головка,4000.0,cbc49fbcf4f1b36dc6528491e547b4be,1e3b608041ff2c528464b3ada9712deb
382,яяяНасадка к манипуле к аппарату Roller большая,22000.0,a6586a93680455e1443a49395c46258c,20db221953ab49563e40efb386cf6d62
383,Аппарат вибрационного и вакуумного массажа G8 New,57000.0,f9ff1a588556566c9b9a3944bd1e7a0e,bb31b9f484dd7d682f4ada75fd21c7f2
384,Аппарат вибрационного массажа G8 Turbo,54000.0,38629c843d151629cfe6f40c1527d8c8,ee17f0712404caba47f418bfcaa22cc4
385,яяяАппарат миостимуляции SA-S800T+ высокочастотный вибрационый массаж,58000.0,2a0c67d710b3bc461cfcc227179bfa09,706060104338184c417000d2088de379
386,"Заглушка к насадке Roller A50, B50, C50",150.0,b6a6ffa6ef185c97367b6c9a1eb69432,e77f848ebbae19a99eee74e4d5246ce5
387,Крышка для манипулы Roller большая,0.0,85c5073e06b2ed248834c181f1263b4c,30565a8911a6bb487e3745c0ea3c8224
388,"Манипула к аппарату Roller (2023г) A50, B50, C50, F50 большая",69000.0,444ca8d04711153952be65892001ccef,8b54a0192118b9b859738d348df1fb3c
389,Насадка к аппарату EN6-2S сфера 1,26450.0,4322a881b9ca83794940b07e0fa7d3e6,9b1631c2f31e89d86d6e618fb949ab58
390,Насадка к аппарату EN6-2S сфера 3,26450.0,cda804a860a93daf2062a4a68bfaa958,9b1631c2f31e89d86d6e618fb949ab58
391,Насадка к аппарату EN6-2S сфера 5,25300.0,bb40f88a389632cb6a539a0a0f2c392a,499786c44cb96a56702925b83aaf1c09
392,"Насадка к аппарату Roller A50, B50, C50 большая серебро",21850.0,bd19060b0b77fdb35cf4b7e6e9ff05e2,70553f60ba9bda529103bffc7be5f810
393,"Насадка к аппарату Roller A50, B50, C50 малая золото",20700.0,00e1a2b3c0d8c5e9927bfc62edbee279,69432a9f6f1fa810ade26f93c9721a08
394,"Насадка к аппарату Roller A50, B50, C50 малая силиконовая",20700.0,90ec4b9ff2cad025429462d18ef514d8,69432a9f6f1fa810ade26f93c9721a08
395,Шланг для манипул Roller для большой,4500.0,65cb3d08780081b0964ea5f44ef2f28e,af231d987ad5521ef6e47b8fa6fe16ca
396,Аппарат виброкомпрессионного массажа EN6-4S,375000.0,5e88858d1cbaf7567b3b7b1708fa15a9,62d63699c8f7b886ec9b3cb651bba753
397,Аппарат виброкомпрессионного роликового массажа Roller I A50,210000.0,565bfbb534b94b846606ce3ddc53d3d6,d0e054c16a73c7437abe1f230f426e9b
398,Аппарат виброкомпрессионного роликового массажа Roller III C50,180000.0,d60aa8938c36748d8d947f8da6efbc1a,ac7b148d50a8c862eca9cc84654d6b9c
