name,price
Банка-дозатор 120 мл,100.0
Банка-спрей 120 мл,100.0
Контейнер для крема 15мл 2шт.,80.0
Косметический флакон 100мл MG-7262,150.0
Косметический флакон 30мл MG-7260,50.0
Мерная ложка 3 шт.,30.0
"Мерная чаша с ложкой, 5-25 мл",50.0
яяяБанка-дозатор 50 мл,50.0
яяяКонтейнер для крема 30мл 2шт.,100.0
Кисть + ложка,200.0
Кисть №14 деревянная ручка (15 см),100.0
Кисть №400 пластик большая,100.0
Кисть для масок №17,100.0
Кисть для масок прозрачная ручка (15см),100.0
Кисть для пилинга веерная прозрачная ручка  (18 см),220.0
Кисть для пилинга веерная Цветной ворс ч/р №811,120.0
Кисть для пилинга малая (18 см),170.0
Кисть прозрачная ручка,220.0
яяяКисти набор*НЕ ДЛЯ ПРОДАЖИ,0.0
яяяКисть для пилинга веерная (15 см),120.0
Маска Марлевая одноразовая с воротом (100 шт),800.0
Маска Таблетированная 10 шт (Белая ),110.0
Маска Таблетированная 50 шт (Белая ),300.0
"Миска для умывания белая №728, 24см",150.0
"Миска для умывания голубая №728, 24см",150.0
Миска для умывания прозрачная 1л №623,150.0
Миска для умывания прозрачная коричневая №823,300.0
Миска пластиковая (хрусталь) большая цветная 8см,170.0
Миска пластиковая №1 зелёная,80.0
Миска пластиковая №3 9см,100.0
Миска пластиковая №5 12см,120.0
"Миска пластиковая белая с ручкой 8,5 см",120.0
Миска пластиковая для масок №803 10см,80.0
"Миска пластиковая желтая с ручкой 8,5 см",120.0
Миска пластиковая синяя 8 см,80.0
Миска под альгинатные маски 500 мл в ассортименте,200.0
Миска под альгинатные маски L 13 см,170.0
Миска под альгинатные маски с цветком 300 мл в ассортименте,150.0
"Миска стеклянная №3 12,5 см",170.0
Набор MG-7270 Бирюзовый (Миска+шпатель+прес.маски),250.0
"Набор MG-7271 Розовый (Миска 8,5см+шпатель+мерные ложки+прес.маски)",250.0
Набор MG-8070 Розовый (Миска 10см+шпатель+мерные ложки+прес.маски),250.0
яяяМиска пластиковая (хрусталь) малая прозрачная 6см,120.0
яяяМиска под альгинатные маски 300 мл,170.0
яяяНабор 4 в 1 малый розовый,250.0
Ножницы MR-7751,100.0
Ножницы MR-7754,100.0
Ножницы К-017,100.0
Ножницы косметические А-12,100.0
Ножницы косметические А-4,100.0
Ножницы косметологические выгнутые 1364 MERTZ,290.0
Ножницы косметологические прямые 1321MP MERTZ,260.0
Ножницы косметологические прямые 1365 MERTZ,230.0
яяяНожницы косметические А-3,100.0
Зеркало двустороннее,320.0
Зеркало на ручке белое диаметр 12 см,320.0
Зеркало на ручке металлическое квадрат 13 см,420.0
Зеркало на ручке металлическое круг 12 см,420.0
Зеркало на ручке розовое диаметр 12 см,320.0
Органайзер акриловый Niko,330.0
яяяЗеркало двустороннее,320.0
яяяОрганайзер акриловый Elen (12 квадратных ячеек),500.0
"яяяОрганайзер акриловый для пигментов, лаков, губных помад",500.0
"Игла Видаля PC-177 Metzger, (копье тонкое, изогнутое)",390.0
Ложка Уно PC-176 (1/17) 17 отверстий Metzger,460.0
Ложка Уно РС-176 (1/13) 13 отверстий Metzger,460.0
Петля 4 шт+ пинцет,500.0
Петля косметолога К-225  (петля+копье),150.0
Петля косметологическая (игла видаля + петля) 283 MERTZ,150.0
Петля косметологическая (копье + уно) 287 MERTZ,280.0
Петля косметологическая (петля двусторонняя) 285 MERTZ,210.0
Петля косметологическая (петля+ уно) 269-2 MERTZ,320.0
Петля косметологическая PC-888 Metzger (двухсторонняя),330.0
"Петля косметологическая РС-150 (2) Metzger (петля тонкая, двухсторонняя)",420.0
"Петля косметологическая РС-150(3) Metzger (петля тонкая, односторонняя)",420.0
Петля косметологическая РС-890 Metzger (петля двухстороняя),470.0
Петля набор 4 шт,450.0
Набор пинцетов 3 шт в чехле,300.0
"Пинцет косметический PT-360-D/R скошенный (красный),  Metzger",380.0
"Пинцет косметический PT-363(2)-D скошенный, Metzger",250.0
"Пинцет косметический PT-369-D скошенный,  Metzger",220.0
Пинцет косметический диагональный 249 MERTZ,130.0
Пинцет косметологический PT-379-D (прямой) Metzger,190.0
яяяПинцет косметический TW- 036,120.0
Спонж 4 шт,400.0
Спонж натуральная целлюлоза 20 шт круглые черные,300.0
Спонжи искусственные прессованные 12 шт,250.0
Щеточка для умывания + шпатель пудра,250.0
яяяСпонж натуральная целлюлоза 10 шт (Квадратные),250.0
яяяСпонж натуральная целлюлоза 10 шт (Овальные),250.0
яяяСпонж натуральный целлюлоза прямоугольные 10 шт,140.0
"Тейпы BBTape  ICE/Silk (5см*5м) голубой, BBalance - (Южная Корея)",860.0
"Тейпы BBTape (5см*5м) котята розовые, BBalance - (Южная Корея)",790.0
"Тейпы BBTape (5см*5м) розовый, BBalance - (Южная Корея)",650.0
"Тейпы BBTape (5см*5м) черный, BBalance - (Южная Корея)",650.0
"Тейпы BBTape ICE/Silk (5см*5м) бежевый, BBalance - (Южная Корея)",860.0
"Тейпы BBTape Silk (5см*5м) розовый, BBalance - (Южная Корея)",860.0
"Тейпы для детей BBTape SMILE (5см*5м) бежевый, BBalance - (Южная Корея)",650.0
"Тейпы для лица BB Face Lymph Tape (5см*5 м) бежевый, BBalance - (Южная Корея)",790.0
"Тейпы для лица BB Face Tape (5см*5 м) лаванда, BBalance - (Южная Корея)",650.0
"Тейпы для лица BB Face Tape (5см*5м) розовый, BBalance - (Южная Корея)",660.0
"Тейпы для лица BB Face Tape Silk (2,5см*5м) голубой (2шт), BBalance - (Южная Корея)",860.0
"Тейпы для лица BB SUPER SOFT (2,5 см*5 м) хлопок бежевый, BBalance - (Южная Корея)",690.0
"Тейпы для лица BB SUPER SOFT (2,5 см*5 м) хлопок мята, BBalance - (Южная Корея)",690.0
"Тейпы для лица BB SUPER SOFT (5 см*5 м) хлопок лаванда, BBalance - (Южная Корея)",690.0
"Тейпы для лица BB SUPER SOFT (5 см*5 м) хлопок мята, BBalance - (Южная Корея)",690.0
"Тейпы Кросс для лица CROSS TAPE BEAUTY 2,1х2,7 см (размер А) бежевый - (Южная Корея)",850.0
"Тейпы Кросс для лица CROSS TAPE BEAUTY 4,9х5,2 см (размер C) бежевый - (Южная Корея)",850.0
"Тейпы Кросс для тела CROSS TAPE 2,8х3,6 см (размер В) бежевый - (Южная Корея)",790.0
Тейпы Кросс для тела CROSS TAPE РАСК НАБОР черный - (Южная Корея),790.0
"яяяТейпы BBTape (5см*5м) голубой, BBalance - (Южная Корея)",650.0
"яяяТейпы BBTape (5см*5м) тигр, BBalance - (Южная Корея)",790.0
"яяяТейпы для лица BB Face Lymph Tape (5см*5 м) розовый, BBalance - (Южная Корея)",790.0
"яяяТейпы для лица BB Face Tape (2,5см*5 м) леопард (2шт), BBalance - (Южная Корея)",790.0
"яяяТейпы для лица BB Face Tape (2,5см*5м) лайм (2шт), BBalance - (Южная Корея)",650.0
"яяяТейпы для лица BB Face Tape (5см*5 м) леопард, BBalance - (Южная Корея)",650.0
"яяяТейпы для лица BB Face Tape (5см*5м) бежевые, BBalance - (Южная Корея)",650.0
"яяяТейпы для лица BB Face Tape (5см*5м) лайм, BBalance - (Южная Корея)",650.0
"Шпатель для масок малый 12,5см",60.0
Шпатель для масок средний 15см №600,80.0
Шпатель силиконовый MS-8575,100.0
Карандаш для разметки с точилкой белый косметический,105.0
Поднос косметологический 200х290 мм,500.0
Гель анестезирующий Light Frost 150 мл (Россия),2750.0
"Крем анестезирующий Анеста-А 2,5% +2,5% 100г (Индия)",2590.0
Мазь анестезирующая Eye anestetic cream 30 гр,1000.0
Мазь анестезирующая TAG#45 30 гр (вторичка),950.0
Мазь анестезирующая Татуист TATTOOIST 30 гр*АКЦИЯ,900.0
"Гель проводящий регенерирующий с успокаивающим эффектом заряд + 700 мл, Beauty Stayle",1480.0
"Гель Контур проводящий для аппаратных процедур, 500 мл Green Matrix (Россия)",3570.0
Гель контактный Contact Gel Vitamin C с витамином С 200 мл (KODERMIX Prof Россия),1050.0
"Гель контактный с ресвератролом UPGRADE 200 мл (Laboratory Cytolife, Россия)",1110.0
"Сыворотка стерильная HYALURON ULTRA+, 50 мл (Laboratory Cytolife, Россия)",2870.0
"Сыворотка стерильная SERUM TRIPEPTIDE AC, 50 мл (Laboratory Cytolife, Россия)",4890.0
"Гель ALGO TONUS с тремя типами водорослей, 500 мл MESOMATRIX (Россия)",1720.0
"Гель HYAL ULTRA с высоко и низкомолекулярной ГК, 250 мл MESOMATRIX (Россия)",1690.0
"Гель LIPO SLIM MACHINE GEL аппаратный с гуараной, L-карнитином, 500 мл MESOMATRIX (Россия)",2600.0
"Гель контакный SEBO ULTRA себорегулирующий, 250 мл MESOMATRIX (Россия)",1690.0
"Гель контактный CAPILLAR PROTECT антикуперозный, 250 мл MESOMATRIX (Россия)",1690.0
"Гель контактный CONTACT ULTRA, 500 мл MESOMATRIX (Россия)",990.0
"Гель контактный LIFTING ULTRA лифтинг с эластином и коллагеном, 250 мл MESOMATRIX (Россия)",1690.0
"Гель контактный RF LIFTING, 1000 мл MESOMATRIX (Россия)",2150.0
"Концентрат токопроводящий VACUUM LIFTING ULTRA, 500 мл MESOMATRIX (Россия)",1490.0
"Тоник токопроводящий HYDRO BALANCE для гидропилинга, микротоков, 250 мл MESOMATRIX (Россия)",1490.0
Масло массажное (для аппаратных методик) 150 мл Kleona (Россия),660.0
"Токопроводящее масло для аппаратных методик, 1л (Россия)",2300.0
"Акугель-Защита средство для обработки манипул, 1 кг (Россия)",770.0
Гель высокой вязкости Медиагель 1 кг (Россия),260.0
Гель высокой вязкости Медиагель ЦВЕТНОЙ 1 кг (Россия),190.0
Гель низкой вязкости Акугель 1 кг (Россия),260.0
Гель с Алоэ Вера Акугель 1кг (Россия),370.0
Гель средней вязкости Акугель 1 кг (Россия),270.0
Гель средней вязкости Акугель 5 кг (Россия),1040.0
Гель Электродный Акугель-Электро 1 кг (Россия),295.0
Гель Электродный Акугель-Электро 5 кг (Россия),1255.0
Дозатор для канистр (5 л),360.0
Жидкость электродная Акугель-Спрей 250 г,140.0
Гель DESINCRUSTANT 500 мл MESOMATRIX (Россия),1650.0
Гель для дезинкрустации 500 гр Гельтек (Россия),3350.0
Лосьон для дезинкрустации чистки лица 200 гр Гельтек (Россия),885.0
Маска энзимная пектиновая 200 гр Гельтек (Россия),3050.0
Гель Антивозрастной NEO 200 гр Гельтек (Россия),4010.0
Гель Антикуперозный 200 гр Гельтек (Россия),4410.0
Гель для зрелой кожи Форма 1 200 гр Гельтек (Россия),2910.0
Гель для кожи вокруг глаз 30 гр Гельтек (Россия),2195.0
Гель для физиотерапии Элкорапан 5 кг Гельтек (Россия),2070.0
Гель с БТА эффектом 30 гр Гельтек (Россия),2455.0
Гель тонизирующий 200 гр Гельтек (Россия),2370.0
Гель увлажняющий + 500 мл Гельтек (Россия),5930.0
Маска Аква-Удовольствие 200 гр Гельтек (Россия),2600.0
Сыворотка 3D-увлажнение 30 г Гельтек (Россия),2150.0
Сыворотка Интенсив-омоложение 100 гр Гельтек (Россия),3460.0
Сыворотка Миорелакс 30 г Гельтек (Россия),2770.0
Тоник для жирной и проблемной кожи 200 гр Гельтек (Россия),1035.0
Тоник с гидролизатором коллагена и Aloe Vera 100 гр Гельтек (Россия),730.0
Тоник с гидролизатором коллагена и Aloe Vera 500 гр Гельтек (Россия),2200.0
Капсулы антивозрастные для процедуры Фарфоровая куколка (10 шт),200.0
Капсулы от пигментации с алоэ для процедуры Фарфоровая куколка (10 шт),200.0
Капсулы отбеливающие для процедуры Фарфоровая куколка (10 шт),200.0
Капсулы отбеливающие для процедуры Фарфоровая куколка золотые (10 шт),210.0
Капсулы против акне для процедуры Фарфоровая куколка (10 шт),200.0
Капсулы регенирирующие для процедуры Фарфоровая куколка (10 шт),200.0
"Сыворотка-концентрат для глубокого очищения B2 HYDRO FACIAL, 250 мл MESOMATRIX (Россия)",1730.0
"Сыворотка-концентрат увлажняющая и антиоксидантная C3 HYDRO FACIAL, 250 мл MESOMATRIX (Россия)",1730.0
Концентрат гиалуроновая кислота + экстракт Икры 25 мл +ACTIVE (Россия),1260.0
Концентрат гиалуроновая кислота 100% 25 мл +ACTIVE (Россия),1260.0
Концентрат гиалуроновая кислота с комплексом себорегуляторов 20 мл +ACTIVE (Россия),1260.0
Концентрат гиалуроновая кислота с экстактом Микроводоросли 25 мл +ACTIVE (Россия),1260.0
Низкомолекулярная ГК с ДНК-комплексом и органическим кремнием 20 мл +ACTIVE (Россия),1260.0
"Низкомолекулярная ГК с пептидами, коллагеном и орг кремнием 20 мл +ACTIVE (Россия)",1260.0
Стволовые клетки Подорожника с комплексом гиалуроновой кислоты 20 мл +ACTIVE (Россия),1260.0
Флюид восстанавливающий для век от темных кругов и отечности Peptide complex 20 мл +ACTIVE (Россия),1260.0
Флюид осветляющий для коррекции пигментных пятен 20 мл +ACTIVE (Россия),1260.0
Флюид питательный для лица и декольте с усиленным лифтинг действием 20 мл +ACTIVE (Россия),1260.0
Флюид увлажняющий для век с омолаживающим эффектом 20 мл +ACTIVE (Россия),1260.0
Эмульсия укрепляющая с антикуперозным комплексом 25 мл +ACTIVE (Россия),1200.0
"Концентрат BIO ACTIVE Concentrate 2 мл (Mesaltera, Россия)",300.0
"Концентрат COLLAGEN ACTIVE Concentrate 2 мл (Mesaltera, Россия)",300.0
Активный пептидный комплекс Peptiderm5 Активное омоложение 5 мл Mesoderm (Испания),500.0
"Коктейль лифтинговый пептидный с ГК для мезороллера 5 мл,  Mesoderm",350.0
Сыворотка лифтинг эффект «Pro-Xylane Hydro Lift Serum» 3 мл Mesoderm,210.0
Концентрат активный подтягивающий с гидрализатом коллагена 5 мл  Beauty Style Корея,170.0
"Сыворотка (Комплекс) интенсивный лифтинг ""Совершенство"" заряд 3мл Beauty Style Корея",140.0
Сыворотка (Комплекс) коллагеновый для LED масок 5мл  Beauty Style Корея,170.0
Сыворотка увлажняющая с гиалуроновой кислотой 2мл  Beauty Style Корея,80.0
Лосьон для водородной терапии 400 мл,1500.0
Дисплей к аппарату HIFU SMAS-4D,0.0
"Картридж 1,5 mm к аппарату HIFU G25",15000.0
Картридж 1.5 mm к аппарату HIFU 12 lines,15000.0
Картридж 10-1.5 mm к аппарату HIFU ARVOKA,24100.0
Картридж 13 mm к аппарату HIFU 12 lines,15000.0
Картридж 16 mm к аппарату HIFU 12 lines,15000.0
"Картридж 3,0 mm к аппарату HIFU TT",15000.0
Картридж 4-13.0 mm к аппарату HIFU ARVOKA,24100.0
Картридж 4-4.5 mm к аппарату HIFU ARVOKA,24100.0
Картридж 4-8.0 mm к аппарату HIFU ARVOKA,24100.0
"Картридж 6,0 mm к аппарату HIFU TT",15000.0
Картридж 8 mm к аппарату HIFU 12 lines,15000.0
Картридж DL 1.5 mm к аппарату D55,13000.0
Картридж DL 3.0mm к аппарату HIFU SMAS-4D,28700.0
Картридж DL 6.0mm к аппарату HIFU SMAS-4D,24100.0
Картридж DS 10-1.5mm к аппарату HIFU SMAS H-5,24100.0
Картридж DS 10.0mm к аппарату HIFU SMAS-4D,24100.0
Картридж DS 13.0mm к аппарату HIFU SMAS-4D,24100.0
Картридж DS 3 mm к аппарату HIFU SMAS H-5,24100.0
"Картридж DS 4-3,0 mm к аппарату HIFU SMAS",24100.0
Картридж DS 4-4.5 mm к аппарату HIFU-A,24100.0
Картридж DS 7-3.0mm к аппарату HIFU-A,24100.0
Картридж вагинальный 3.0 mm к аппарату HIFU-A,8000.0
"Картридж вагинальный 4,5 mm к аппарату HIFU SMAS H-5",27600.0
Картридж на ремонт,0.0
Корпус манипулы кавитации (HIFU+RF) V5 PRO,0.0
Манипула к аппарату HIFU SMAS H-5 Интимного омоложения (вагинальная насадка),28700.0
Манипула к аппарату HIFU SMAS-4D лифтинга 8 картриджей,34500.0
Наклейка ARVOKA,0.0
Наклейка HIFU SMAS 4D,0.0
"Наклейка к картриджу HIFU SMAS  (1,4*4,4 см)",250.0
"Наклейка к картриджу HIFU SMAS  (1,8*4,7 см)",250.0
"Наклейка к картриджу HIFU SMAS (2,8х1,1 см)",250.0
"Наклейка к картриджу HIFU SMAS (4,3-1,3см)",250.0
"Наклейка к картриджу HIFU SMAS (4,9х0,9 см)",250.0
"Наклейка к картриджу HIFU SMAS (5-2,2см)",0.0
"Наклейка к картриджу HIFU SMAS (5,9х2,7 см)",250.0
"Наклейка к картриджу HIFU SMAS 1.5 mm (1,3*4,3 см)",250.0
"Наклейка к картриджу HIFU SMAS 3.0 mm (1,4*4,9 см)",250.0
"Наклейка к картриджу HIFU SMAS 8.0 mm (1,7*4,7 см)",250.0
Шнур с коннектором к апапрату HIFU-A,7500.0
яяяНасадка BS 4-13 к аппарату ARVOKA (HIFU),0.0
яяяНасадка DS 10-1.5 к аппарату ARVOKA (HIFU),0.0
Аппарат 2 в 1 B55 frozen hifu+ V-max (точечный HIFU SMAS),250000.0
Аппарат ARVOKA (HIFU) 5 картриджей,135000.0
Аппарат HIFU SMAS A5 для интимного омоложения,70000.0
Аппарат HIFU SMAS-4D лифтинга 8 картриджей,310000.0
Аппарат HIFU SMAS-лифтинг MINI 3 картриджа,0.0
"Аппарат HIFU TT (кольцевая технология, SMAS лифтинг)",195000.0
Перепрошивка картриджей для аппарата HIFU SMAS,10000.0
яяяАппарат HIFU V-Max с динамическими манипулами,110000.0
Аппарат Hyaluron Pen 0-3мл Черный,6000.0
"Картриджи для аппарата Hyaluron Pen 3 мл, 5 шт",800.0
Манипула к аппарату Карбокситерапии (карбокситерапия),5000.0
Манипула к аппарату Карбокситерапии (ультрафонофорез),5000.0
Набор для карбокситерапии BALANCE противосполительная,700.0
Набор для карбокситерапии DETOX Fembliss очищение,630.0
Набор для карбокситерапии GLAM Fembliss моделирующая,630.0
Набор для карбокситерапии HYDRATE Fembliss увлажнение,630.0
Набор для карбокситерапии ILLUMINATE Fembliss сияние,630.0
Набор для карбокситерапии Illuminating сияние (Change young),630.0
Набор для карбокситерапии Revive омоложение (Change young),630.0
Набор КИТ для аппарата Карбокситерапии (NeeRevive) омолаживающий,630.0
Набор КИТ для аппарата карбокситерапии Glowskin O+ green,630.0
яяяНабор для карбокситерапии BALANCE противосполительная 6 шт,4200.0
яяяНабор для карбокситерапии GLAM моделирующая 6 шт,4200.0
яяяНабор для карбокситерапии ILLUMINATE сияние 6 шт,4200.0
Аппарат Карбокситерапии Carboxy,50000.0
Аппарат КАРБОКСИТЕРАПИЯ 2 манипулы,63000.0
Аппарат Светодиодная LED-терапия,9900.0
Аппарат светодиодной паровой SPA LED-терапии,21000.0
Нога к SPA LED терапии,0.0
Ведущая шестерня в манипулу Vela Shape V9,2300.0
Датчик давления вакуума Анкор V8С2,2000.0
Крепление для манипулы к аппарату Анкор V8-C2 (1) 1 шт,1000.0
Крепление для манипулы к аппарату Анкор V8-C2 (3) 1 шт,1000.0
Манипула к аппарату LPG,29000.0
Манипула к аппарату Slimm IV Вакуумный массаж большая,0.0
Манипула к аппарату Vela Shape S1 Кавитация,34500.0
Манипула к аппарату Vela Shape Sculptor Вакуумная большая,53000.0
Манипула к аппарату Vela Shape V9 Вакуумный массаж средняя,34500.0
Манипула к аппарату Анкор V8-C1 (Anchor) Кавитация,73000.0
Набор уплотнительных колец для Анкора V8C2 большие 10 шт,300.0
Набор уплотнительных колец для Анкора V8C2 средние 10 шт,300.0
Насадка к аппарату Velashape Sculptor для манипулы вакуумно-роликового массажа по лицу,10500.0
Насадка к аппарату Анкор С1 для манипулы вакуумно-роликового массажа по телу,17300.0
"Насадка к манипуле по лицу вакуум+РФ к аппарату Анкор V8-C2, C1 (2)",17200.0
"Насадка к манипуле по лицу вакуум+РФ к аппарату Анкор V8-C2, С1(1)",17200.0
Насадка к манипуле по телу вакуум+РФ к аппарату Анкор V8-C2 (2),20700.0
Полочка к аппарату Анкор С1 для манипулы вакуумной большой,11500.0
Промывочная бутылка со шклангами для Анкор V8C2,0.0
Резинка к манипуле Анкор V8C2,0.0
"Фильтр к аппарату KIM-8, Vela Shape S1, SA-6048, Sculptor",2300.0
Фильтр с резинками,1500.0
Фитинг (папа) для Анкора V8C2,1000.0
яяяСоединитель Анкор V8C2 (назвать правильно),5000.0
Аппарат Velashape Sculptor,299000.0
Аппарат Анкор V8-C2,520000.0
Аппарат Анкор V8C2+,590000.0
Блок питания к аппарату EMS meso NV-H9,0.0
Манипула к аппарату EMS meso NV-H9,18400.0
Манипула к аппарату IB 9090 Art: SP-068А Большая,6900.0
"Манипула к аппарату IB 9090, DIY-111 Art: SP-068С с флаконом",5200.0
Набор картриджей для Инжектора MICROPOWER (4мм площадка),250.0
Электрод для фонофореза конусовидный,2200.0
яяяНабор картриджей для Инжектора MICROPOWER (5мм площадка),250.0
Аппарат Reskin безыгольной мезотерапии,210000.0
Аппарат для трансдермальной мезотерапии+криотерапия Hello Face,70000.0
яяяАппарат для трансдермальной мезотерапии+микротоки Hello Face,70000.0
"Банка вакуумная для лица к аппарату Старвак D=45 mm Внутрниний, Внешний D=- 60 mm",1750.0
Банка вакуумная для тела к аппарату Старвак D=23 mm,450.0
Банка вакуумная для тела к аппарату Старвак D=60 mm,1750.0
Банка вакуумная для тела к аппарату Старвак D=7 (4 внутренний) mm,450.0
Банка вакуумная к аппарату BIO-301 (1),900.0
Банка вакуумная к аппарату BIO-301 (3),900.0
Банка вакуумная к аппарату BIO-301 (5),600.0
Банка вакуумная к аппарату IB-8080 малая,2200.0
Банка вакуумная с вибромассажером к аппарату BIO-301 (1),2300.0
Банка вакуумная с вибромассажером к аппарату BIO-301 (3),1750.0
Банка пластиковая для вакуумного массажа 1шт,1150.0
Банка пластиковая для вакуумного массажа NV-600 D=125mm (Средняя),900.0
Емкость для вакуум-спрей,600.0
Канюля к аппарату BIO-301 (1),600.0
Канюля к аппарату BIO-301 (3),600.0
Канюля к аппарату BIO-301 (5),600.0
Канюля к аппарату BIO-301 (7),600.0
Манипула к аппарату BIO-301 Био-фотон,6900.0
Манипула к аппарату SA-032 Вакуумная,4600.0
Манипула к аппарату SP-46 Вакуумного массажа Малая (Пластиковая),2300.0
Манипула к аппарату Старвак ролики малая,10350.0
Маслоотсекатель - фильтр,250.0
Насадка для вакуумно-роликового массажа большая (D - наруж = 72-75 mm),2200.0
"Насадка для вакуумно-роликового массажа для лица большая глубокая (D - наруж=33 mm, d - внут=20mm)",1150.0
"Насадка для вакуумно-роликового массажа для лица малая  (D - наруж=15mm, d - внут=6mm)",700.0
"Насадка для вакуумно-роликового массажа малая глубокая (D - наруж=53 mm, d - внут=29 mm)",1950.0
"Насадка для вакуумно-роликового массажа малая не глубокая (D - наруж =55 mm, d - внут=21mm)",1000.0
"Насадка для вакуумно-роликового массажа средняя не глубокая (D - наруж=53 mm, d - внут=31mm)",1750.0
Насос вакуумный (NV-600),6000.0
Переходник для двойного силиконового шланга,250.0
Переходник для шлангов Старвак 1,600.0
Переходник для шлангов Старвак 3 (10*10м),700.0
Переходник ПАУК к аппарату BIO-301,3100.0
"Провод к аппарату IB-8080 фотон свет, микротоки, вибро",1150.0
Резинка фиксатор 10 шт №1,150.0
Стеклянная канюля для вакуумного массажа,800.0
Стеклянная канюля для вакуумного массажа к аппарату NV-600 (Большая),600.0
Стеклянная канюля для вакуумного массажа к аппарату NV-600 (Средняя),500.0
Стеклянная канюля для вакуумного массажа Средняя,350.0
Стеклянная канюля для вакуумной чистки (2) снеговик,300.0
Фиксатор уплотнитель для вакуума,250.0
Фильтр для вакуумной манипулы (белая таблетка),0.0
Фильтр к аппарату Старвак,700.0
"Фильтры 1,5 см 55 шт для микродермабразии вакуумного массажа",350.0
Фильтры к аппарату BIO-301 (пористый) 5 шт,300.0
Шланг к аппарату BIO-301 короткий,1750.0
Шланг к аппарату IB-8080 (1 метр силикон),300.0
Шланг к аппарату Старвак,5750.0
Шланг к аппарату Старвак 3,6000.0
Шланг к аппарату Старвак 5,700.0
"Шланг с переходником 1,5 м",700.0
яяяБанка вакуумная для тела к аппарату Старвак D=100 mm,1950.0
яяяСтеклянная канюля для вакуумного массажа (10),0.0
яяяСтеклянная канюля для вакуумного массажа (5),0.0
яяяСтеклянная канюля для вакуумной чистки,700.0
яяяяШнур силиконовый какой-то,0.0
"Аппарат 5 в 1 TM-925 (LPG, RF, кавитация) для лица и тела",170000.0
Аппарат вакуумного массажа BIO-301,55000.0
Аппарат вакуумного массажа M-364A,15000.0
Аппарат вакуумного массажа SA-032,25000.0
яяяАппарат вакуумного массажа B-0805,21300.0
Манипула к аппарату G8 вакуумная без шнура,6900.0
"Насадка к аппарату M-A668S, G8, G5, SA-S800T для деликатных зон",1800.0
"Насадка к аппарату M-A668S, G8, G5, SA-S800T для проработки шейного отдела",2300.0
"Насадка к аппарату M-A668S, G8, G5, SA-S800T для стимуляции и шлифовки",1800.0
"Шнур к вибрационной насадке G8, G5",8000.0
яяяМанипула к аппарату G8 вибрационая головка,4000.0
яяяНасадка к манипуле к аппарату Roller большая,22000.0
Аппарат вибрационного и вакуумного массажа G8 New,57000.0
Аппарат вибрационного массажа G8 Turbo,54000.0
яяяАппарат миостимуляции SA-S800T+ высокочастотный вибрационый массаж,58000.0
"Заглушка к насадке Roller A50, B50, C50",150.0
Крышка для манипулы Roller большая,0.0
"Манипула к аппарату Roller (2023г) A50, B50, C50, F50 большая",69000.0
Насадка к аппарату EN6-2S сфера 1,26450.0
Насадка к аппарату EN6-2S сфера 3,26450.0
Насадка к аппарату EN6-2S сфера 5,25300.0
"Насадка к аппарату Roller A50, B50, C50 большая серебро",21850.0
"Насадка к аппарату Roller A50, B50, C50 малая золото",20700.0
"Насадка к аппарату Roller A50, B50, C50 малая силиконовая",20700.0
Шланг для манипул Roller для большой,4500.0
Аппарат виброкомпрессионного массажа EN6-4S,375000.0
Аппарат виброкомпрессионного роликового массажа Roller I A50,210000.0
Аппарат виброкомпрессионного роликового массажа Roller III C50,180000.0